KnowledgeBase.addTriple;310;0;;Row Labels;Average of 310;Average of 0
KnowledgeBase.addTriple;300;0;;KnowledgeBase.addTriple;241,7981651;-2743,192661
KnowledgeBase.addTriple;234;0;;KnowledgeBase.getPropertyObjectAsTriples;177,3363636;4375,272727
KnowledgeBase.addTriple;243;0;;KnowledgeBase.initialize;237,9;492339,2
KnowledgeBase.addTriple;237;0;;KnowledgeBase.removeTriple;133,4636364;-1824,581818
KnowledgeBase.addTriple;210;0;;KnowledgeBase.uninitialize;4,2;0
KnowledgeBase.addTriple;261;-4096;;PolicyManager.getAllowedModel;176,0371429;8016,457143
KnowledgeBase.addTriple;251;0;;PolicyManager.isAllowed_t;115,8590909;-1321,890909
KnowledgeBase.addTriple;271;0;;StorageAccessManager.deleteObjectProperty;135,4181818;-4617,309091
KnowledgeBase.addTriple;253;0;;StorageAccessManager.getAllPersons;230,4;126156,8
KnowledgeBase.addTriple;308;0;;StorageAccessManager.getDataProperty;173,5090909;446,8363636
KnowledgeBase.addTriple;244;0;;StorageAccessManager.getMe;182,6;37273,6
KnowledgeBase.addTriple;239;0;;StorageAccessManager.getObjectProperty;192,5090909;6032,290909
KnowledgeBase.addTriple;213;0;;StorageAccessManager.getPersonByUserId;178,1666667;9011,2
KnowledgeBase.addTriple;272;0;;StorageAccessManager.getPropertyNode;0,782608696;276,0347826
KnowledgeBase.addTriple;198;0;;StorageAccessManager.setObjectProperty;244,4090909;-2718,254545
KnowledgeBase.addTriple;221;-4096;;Grand Total;134,1164814;5147,22088
KnowledgeBase.addTriple;266;0;;;;
KnowledgeBase.addTriple;281;0;;;;
KnowledgeBase.addTriple;244;0;;;;
KnowledgeBase.addTriple;270;0;;;;
KnowledgeBase.addTriple;250;0;;;;
KnowledgeBase.addTriple;232;-8192;;;;
KnowledgeBase.addTriple;240;0;;;;
KnowledgeBase.addTriple;248;0;;;;
KnowledgeBase.addTriple;249;0;;;;
KnowledgeBase.addTriple;155;-8192;;;;
KnowledgeBase.addTriple;242;0;;;;
KnowledgeBase.addTriple;250;0;;;;
KnowledgeBase.addTriple;242;0;;;;
KnowledgeBase.addTriple;268;0;;;;
KnowledgeBase.addTriple;252;0;;;;
KnowledgeBase.addTriple;249;0;;;;
KnowledgeBase.addTriple;225;0;;;;
KnowledgeBase.addTriple;249;0;;;;
KnowledgeBase.addTriple;228;0;;;;
KnowledgeBase.addTriple;234;0;;;;
KnowledgeBase.addTriple;197;0;;;;
KnowledgeBase.addTriple;254;-4096;;;;
KnowledgeBase.addTriple;276;0;;;;
KnowledgeBase.addTriple;275;0;;;;
KnowledgeBase.addTriple;248;0;;;;
KnowledgeBase.addTriple;240;0;;;;
KnowledgeBase.addTriple;251;0;;;;
KnowledgeBase.addTriple;233;0;;;;
KnowledgeBase.addTriple;227;0;;;;
KnowledgeBase.addTriple;236;0;;;;
KnowledgeBase.addTriple;247;0;;;;
KnowledgeBase.addTriple;188;-4096;;;;
KnowledgeBase.addTriple;247;0;;;;
KnowledgeBase.addTriple;253;0;;;;
KnowledgeBase.addTriple;262;0;;;;
KnowledgeBase.addTriple;260;0;;;;
KnowledgeBase.addTriple;246;0;;;;
KnowledgeBase.addTriple;256;0;;;;
KnowledgeBase.addTriple;228;0;;;;
KnowledgeBase.addTriple;241;0;;;;
KnowledgeBase.addTriple;253;-126976;;;;
KnowledgeBase.addTriple;251;-4096;;;;
KnowledgeBase.addTriple;165;0;;;;
KnowledgeBase.addTriple;235;0;;;;
KnowledgeBase.addTriple;256;0;;;;
KnowledgeBase.addTriple;246;0;;;;
KnowledgeBase.addTriple;256;0;;;;
KnowledgeBase.addTriple;259;0;;;;
KnowledgeBase.addTriple;248;-245760;;;;
KnowledgeBase.addTriple;227;0;;;;
KnowledgeBase.addTriple;237;245760;;;;
KnowledgeBase.addTriple;245;-61440;;;;
KnowledgeBase.addTriple;233;-4096;;;;
KnowledgeBase.addTriple;199;0;;;;
KnowledgeBase.addTriple;239;0;;;;
KnowledgeBase.addTriple;241;0;;;;
KnowledgeBase.addTriple;246;0;;;;
KnowledgeBase.addTriple;244;0;;;;
KnowledgeBase.addTriple;244;0;;;;
KnowledgeBase.addTriple;245;0;;;;
KnowledgeBase.addTriple;233;0;;;;
KnowledgeBase.addTriple;230;0;;;;
KnowledgeBase.addTriple;253;0;;;;
KnowledgeBase.addTriple;256;0;;;;
KnowledgeBase.addTriple;189;0;;;;
KnowledgeBase.addTriple;228;0;;;;
KnowledgeBase.addTriple;242;0;;;;
KnowledgeBase.addTriple;264;-8192;;;;
KnowledgeBase.addTriple;255;8192;;;;
KnowledgeBase.addTriple;262;0;;;;
KnowledgeBase.addTriple;269;0;;;;
KnowledgeBase.addTriple;236;0;;;;
KnowledgeBase.addTriple;223;0;;;;
KnowledgeBase.addTriple;228;-4096;;;;
KnowledgeBase.addTriple;244;0;;;;
KnowledgeBase.addTriple;151;0;;;;
KnowledgeBase.addTriple;244;0;;;;
KnowledgeBase.addTriple;255;0;;;;
KnowledgeBase.addTriple;248;0;;;;
KnowledgeBase.addTriple;246;61440;;;;
KnowledgeBase.addTriple;244;0;;;;
KnowledgeBase.addTriple;250;0;;;;
KnowledgeBase.addTriple;232;0;;;;
KnowledgeBase.addTriple;237;0;;;;
KnowledgeBase.addTriple;249;0;;;;
KnowledgeBase.addTriple;267;0;;;;
KnowledgeBase.addTriple;138;0;;;;
KnowledgeBase.addTriple;257;0;;;;
KnowledgeBase.addTriple;249;0;;;;
KnowledgeBase.addTriple;243;0;;;;
KnowledgeBase.addTriple;250;0;;;;
KnowledgeBase.addTriple;272;0;;;;
KnowledgeBase.addTriple;249;-126976;;;;
KnowledgeBase.getPropertyObjectAsTriples;201;0;;;;
KnowledgeBase.getPropertyObjectAsTriples;254;507904;;;;
KnowledgeBase.getPropertyObjectAsTriples;203;-126976;;;;
KnowledgeBase.getPropertyObjectAsTriples;204;0;;;;
KnowledgeBase.getPropertyObjectAsTriples;138;0;;;;
KnowledgeBase.getPropertyObjectAsTriples;184;0;;;;
KnowledgeBase.getPropertyObjectAsTriples;182;-16384;;;;
KnowledgeBase.getPropertyObjectAsTriples;184;0;;;;
KnowledgeBase.getPropertyObjectAsTriples;139;4096;;;;
KnowledgeBase.getPropertyObjectAsTriples;204;-253952;;;;
KnowledgeBase.getPropertyObjectAsTriples;131;0;;;;
KnowledgeBase.getPropertyObjectAsTriples;167;253952;;;;
KnowledgeBase.getPropertyObjectAsTriples;182;0;;;;
KnowledgeBase.getPropertyObjectAsTriples;174;0;;;;
KnowledgeBase.getPropertyObjectAsTriples;185;0;;;;
KnowledgeBase.getPropertyObjectAsTriples;201;0;;;;
KnowledgeBase.getPropertyObjectAsTriples;130;-8192;;;;
KnowledgeBase.getPropertyObjectAsTriples;209;0;;;;
KnowledgeBase.getPropertyObjectAsTriples;131;0;;;;
KnowledgeBase.getPropertyObjectAsTriples;198;0;;;;
KnowledgeBase.getPropertyObjectAsTriples;220;0;;;;
KnowledgeBase.getPropertyObjectAsTriples;131;0;;;;
KnowledgeBase.getPropertyObjectAsTriples;170;0;;;;
KnowledgeBase.getPropertyObjectAsTriples;170;0;;;;
KnowledgeBase.getPropertyObjectAsTriples;198;126976;;;;
KnowledgeBase.getPropertyObjectAsTriples;215;0;;;;
KnowledgeBase.getPropertyObjectAsTriples;136;126976;;;;
KnowledgeBase.getPropertyObjectAsTriples;181;0;;;;
KnowledgeBase.getPropertyObjectAsTriples;174;0;;;;
KnowledgeBase.getPropertyObjectAsTriples;131;0;;;;
KnowledgeBase.getPropertyObjectAsTriples;195;0;;;;
KnowledgeBase.getPropertyObjectAsTriples;172;0;;;;
KnowledgeBase.getPropertyObjectAsTriples;128;0;;;;
KnowledgeBase.getPropertyObjectAsTriples;183;0;;;;
KnowledgeBase.getPropertyObjectAsTriples;161;0;;;;
KnowledgeBase.getPropertyObjectAsTriples;176;0;;;;
KnowledgeBase.getPropertyObjectAsTriples;128;0;;;;
KnowledgeBase.getPropertyObjectAsTriples;212;126976;;;;
KnowledgeBase.getPropertyObjectAsTriples;138;0;;;;
KnowledgeBase.getPropertyObjectAsTriples;176;0;;;;
KnowledgeBase.getPropertyObjectAsTriples;132;0;;;;
KnowledgeBase.getPropertyObjectAsTriples;180;0;;;;
KnowledgeBase.getPropertyObjectAsTriples;126;0;;;;
KnowledgeBase.getPropertyObjectAsTriples;176;0;;;;
KnowledgeBase.getPropertyObjectAsTriples;211;-126976;;;;
KnowledgeBase.getPropertyObjectAsTriples;171;0;;;;
KnowledgeBase.getPropertyObjectAsTriples;128;0;;;;
KnowledgeBase.getPropertyObjectAsTriples;178;0;;;;
KnowledgeBase.getPropertyObjectAsTriples;215;-122880;;;;
KnowledgeBase.getPropertyObjectAsTriples;174;0;;;;
KnowledgeBase.getPropertyObjectAsTriples;168;0;;;;
KnowledgeBase.getPropertyObjectAsTriples;175;8192;;;;
KnowledgeBase.getPropertyObjectAsTriples;176;0;;;;
KnowledgeBase.getPropertyObjectAsTriples;170;0;;;;
KnowledgeBase.getPropertyObjectAsTriples;170;8192;;;;
KnowledgeBase.getPropertyObjectAsTriples;174;0;;;;
KnowledgeBase.getPropertyObjectAsTriples;178;0;;;;
KnowledgeBase.getPropertyObjectAsTriples;177;0;;;;
KnowledgeBase.getPropertyObjectAsTriples;174;61440;;;;
KnowledgeBase.getPropertyObjectAsTriples;179;0;;;;
KnowledgeBase.getPropertyObjectAsTriples;185;0;;;;
KnowledgeBase.getPropertyObjectAsTriples;179;0;;;;
KnowledgeBase.getPropertyObjectAsTriples;175;0;;;;
KnowledgeBase.getPropertyObjectAsTriples;200;0;;;;
KnowledgeBase.getPropertyObjectAsTriples;200;0;;;;
KnowledgeBase.getPropertyObjectAsTriples;180;0;;;;
KnowledgeBase.getPropertyObjectAsTriples;198;0;;;;
KnowledgeBase.getPropertyObjectAsTriples;135;0;;;;
KnowledgeBase.getPropertyObjectAsTriples;191;245760;;;;
KnowledgeBase.getPropertyObjectAsTriples;120;0;;;;
KnowledgeBase.getPropertyObjectAsTriples;194;0;;;;
KnowledgeBase.getPropertyObjectAsTriples;124;0;;;;
KnowledgeBase.getPropertyObjectAsTriples;180;0;;;;
KnowledgeBase.getPropertyObjectAsTriples;126;0;;;;
KnowledgeBase.getPropertyObjectAsTriples;194;0;;;;
KnowledgeBase.getPropertyObjectAsTriples;170;0;;;;
KnowledgeBase.getPropertyObjectAsTriples;122;0;;;;
KnowledgeBase.getPropertyObjectAsTriples;171;0;;;;
KnowledgeBase.getPropertyObjectAsTriples;127;0;;;;
KnowledgeBase.getPropertyObjectAsTriples;178;0;;;;
KnowledgeBase.getPropertyObjectAsTriples;127;0;;;;
KnowledgeBase.getPropertyObjectAsTriples;174;0;;;;
KnowledgeBase.getPropertyObjectAsTriples;124;0;;;;
KnowledgeBase.getPropertyObjectAsTriples;175;0;;;;
KnowledgeBase.getPropertyObjectAsTriples;141;0;;;;
KnowledgeBase.getPropertyObjectAsTriples;179;0;;;;
KnowledgeBase.getPropertyObjectAsTriples;128;0;;;;
KnowledgeBase.getPropertyObjectAsTriples;174;0;;;;
KnowledgeBase.getPropertyObjectAsTriples;205;0;;;;
KnowledgeBase.getPropertyObjectAsTriples;164;0;;;;
KnowledgeBase.getPropertyObjectAsTriples;165;8192;;;;
KnowledgeBase.getPropertyObjectAsTriples;184;0;;;;
KnowledgeBase.getPropertyObjectAsTriples;170;0;;;;
KnowledgeBase.getPropertyObjectAsTriples;208;0;;;;
KnowledgeBase.getPropertyObjectAsTriples;166;0;;;;
KnowledgeBase.getPropertyObjectAsTriples;172;0;;;;
KnowledgeBase.getPropertyObjectAsTriples;230;0;;;;
KnowledgeBase.getPropertyObjectAsTriples;170;0;;;;
KnowledgeBase.getPropertyObjectAsTriples;171;0;;;;
KnowledgeBase.getPropertyObjectAsTriples;212;0;;;;
KnowledgeBase.getPropertyObjectAsTriples;169;0;;;;
KnowledgeBase.getPropertyObjectAsTriples;173;0;;;;
KnowledgeBase.getPropertyObjectAsTriples;172;0;;;;
KnowledgeBase.getPropertyObjectAsTriples;173;0;;;;
KnowledgeBase.getPropertyObjectAsTriples;179;-184320;;;;
KnowledgeBase.getPropertyObjectAsTriples;222;0;;;;
KnowledgeBase.getPropertyObjectAsTriples;173;0;;;;
KnowledgeBase.getPropertyObjectAsTriples;178;0;;;;
KnowledgeBase.getPropertyObjectAsTriples;175;0;;;;
KnowledgeBase.getPropertyObjectAsTriples;177;0;;;;
KnowledgeBase.getPropertyObjectAsTriples;168;0;;;;
KnowledgeBase.getPropertyObjectAsTriples;170;0;;;;
KnowledgeBase.getPropertyObjectAsTriples;125;0;;;;
KnowledgeBase.getPropertyObjectAsTriples;190;0;;;;
KnowledgeBase.getPropertyObjectAsTriples;172;0;;;;
KnowledgeBase.getPropertyObjectAsTriples;170;0;;;;
KnowledgeBase.getPropertyObjectAsTriples;124;0;;;;
KnowledgeBase.getPropertyObjectAsTriples;169;0;;;;
KnowledgeBase.getPropertyObjectAsTriples;169;0;;;;
KnowledgeBase.getPropertyObjectAsTriples;169;0;;;;
KnowledgeBase.getPropertyObjectAsTriples;182;0;;;;
KnowledgeBase.getPropertyObjectAsTriples;173;0;;;;
KnowledgeBase.getPropertyObjectAsTriples;177;0;;;;
KnowledgeBase.getPropertyObjectAsTriples;173;0;;;;
KnowledgeBase.getPropertyObjectAsTriples;123;0;;;;
KnowledgeBase.getPropertyObjectAsTriples;174;0;;;;
KnowledgeBase.getPropertyObjectAsTriples;184;0;;;;
KnowledgeBase.getPropertyObjectAsTriples;187;0;;;;
KnowledgeBase.getPropertyObjectAsTriples;126;0;;;;
KnowledgeBase.getPropertyObjectAsTriples;176;0;;;;
KnowledgeBase.getPropertyObjectAsTriples;127;0;;;;
KnowledgeBase.getPropertyObjectAsTriples;212;307200;;;;
KnowledgeBase.getPropertyObjectAsTriples;207;0;;;;
KnowledgeBase.getPropertyObjectAsTriples;207;61440;;;;
KnowledgeBase.getPropertyObjectAsTriples;209;0;;;;
KnowledgeBase.getPropertyObjectAsTriples;211;0;;;;
KnowledgeBase.getPropertyObjectAsTriples;210;0;;;;
KnowledgeBase.getPropertyObjectAsTriples;210;0;;;;
KnowledgeBase.getPropertyObjectAsTriples;209;0;;;;
KnowledgeBase.getPropertyObjectAsTriples;213;0;;;;
KnowledgeBase.getPropertyObjectAsTriples;210;0;;;;
KnowledgeBase.getPropertyObjectAsTriples;210;0;;;;
KnowledgeBase.getPropertyObjectAsTriples;212;0;;;;
KnowledgeBase.getPropertyObjectAsTriples;212;0;;;;
KnowledgeBase.getPropertyObjectAsTriples;212;0;;;;
KnowledgeBase.getPropertyObjectAsTriples;223;0;;;;
KnowledgeBase.getPropertyObjectAsTriples;214;0;;;;
KnowledgeBase.getPropertyObjectAsTriples;219;0;;;;
KnowledgeBase.getPropertyObjectAsTriples;216;0;;;;
KnowledgeBase.getPropertyObjectAsTriples;222;-61440;;;;
KnowledgeBase.getPropertyObjectAsTriples;214;0;;;;
KnowledgeBase.getPropertyObjectAsTriples;215;0;;;;
KnowledgeBase.getPropertyObjectAsTriples;215;0;;;;
KnowledgeBase.getPropertyObjectAsTriples;217;-4096;;;;
KnowledgeBase.getPropertyObjectAsTriples;207;0;;;;
KnowledgeBase.getPropertyObjectAsTriples;201;0;;;;
KnowledgeBase.getPropertyObjectAsTriples;172;61440;;;;
KnowledgeBase.getPropertyObjectAsTriples;171;-24576;;;;
KnowledgeBase.getPropertyObjectAsTriples;172;0;;;;
KnowledgeBase.getPropertyObjectAsTriples;214;0;;;;
KnowledgeBase.getPropertyObjectAsTriples;170;0;;;;
KnowledgeBase.getPropertyObjectAsTriples;170;0;;;;
KnowledgeBase.getPropertyObjectAsTriples;169;0;;;;
KnowledgeBase.getPropertyObjectAsTriples;169;0;;;;
KnowledgeBase.getPropertyObjectAsTriples;168;0;;;;
KnowledgeBase.getPropertyObjectAsTriples;212;0;;;;
KnowledgeBase.getPropertyObjectAsTriples;171;0;;;;
KnowledgeBase.getPropertyObjectAsTriples;172;0;;;;
KnowledgeBase.getPropertyObjectAsTriples;172;0;;;;
KnowledgeBase.getPropertyObjectAsTriples;184;0;;;;
KnowledgeBase.getPropertyObjectAsTriples;172;0;;;;
KnowledgeBase.getPropertyObjectAsTriples;218;0;;;;
KnowledgeBase.getPropertyObjectAsTriples;172;0;;;;
KnowledgeBase.getPropertyObjectAsTriples;174;0;;;;
KnowledgeBase.getPropertyObjectAsTriples;182;0;;;;
KnowledgeBase.getPropertyObjectAsTriples;179;0;;;;
KnowledgeBase.getPropertyObjectAsTriples;163;0;;;;
KnowledgeBase.getPropertyObjectAsTriples;165;0;;;;
KnowledgeBase.getPropertyObjectAsTriples;165;0;;;;
KnowledgeBase.getPropertyObjectAsTriples;167;0;;;;
KnowledgeBase.getPropertyObjectAsTriples;169;0;;;;
KnowledgeBase.getPropertyObjectAsTriples;170;0;;;;
KnowledgeBase.getPropertyObjectAsTriples;125;0;;;;
KnowledgeBase.getPropertyObjectAsTriples;172;0;;;;
KnowledgeBase.getPropertyObjectAsTriples;179;0;;;;
KnowledgeBase.getPropertyObjectAsTriples;174;0;;;;
KnowledgeBase.getPropertyObjectAsTriples;180;0;;;;
KnowledgeBase.getPropertyObjectAsTriples;173;0;;;;
KnowledgeBase.getPropertyObjectAsTriples;175;0;;;;
KnowledgeBase.getPropertyObjectAsTriples;174;0;;;;
KnowledgeBase.getPropertyObjectAsTriples;123;0;;;;
KnowledgeBase.getPropertyObjectAsTriples;174;0;;;;
KnowledgeBase.getPropertyObjectAsTriples;176;0;;;;
KnowledgeBase.getPropertyObjectAsTriples;178;0;;;;
KnowledgeBase.getPropertyObjectAsTriples;177;0;;;;
KnowledgeBase.getPropertyObjectAsTriples;183;-4096;;;;
KnowledgeBase.getPropertyObjectAsTriples;175;0;;;;
KnowledgeBase.getPropertyObjectAsTriples;179;0;;;;
KnowledgeBase.getPropertyObjectAsTriples;166;0;;;;
KnowledgeBase.getPropertyObjectAsTriples;166;0;;;;
KnowledgeBase.getPropertyObjectAsTriples;178;0;;;;
KnowledgeBase.getPropertyObjectAsTriples;209;0;;;;
KnowledgeBase.getPropertyObjectAsTriples;174;0;;;;
KnowledgeBase.getPropertyObjectAsTriples;167;0;;;;
KnowledgeBase.getPropertyObjectAsTriples;167;0;;;;
KnowledgeBase.getPropertyObjectAsTriples;170;0;;;;
KnowledgeBase.getPropertyObjectAsTriples;169;0;;;;
KnowledgeBase.getPropertyObjectAsTriples;213;0;;;;
KnowledgeBase.getPropertyObjectAsTriples;217;0;;;;
KnowledgeBase.getPropertyObjectAsTriples;169;0;;;;
KnowledgeBase.getPropertyObjectAsTriples;170;-8192;;;;
KnowledgeBase.getPropertyObjectAsTriples;177;0;;;;
KnowledgeBase.getPropertyObjectAsTriples;170;0;;;;
KnowledgeBase.getPropertyObjectAsTriples;213;0;;;;
KnowledgeBase.getPropertyObjectAsTriples;172;0;;;;
KnowledgeBase.getPropertyObjectAsTriples;172;-4096;;;;
KnowledgeBase.getPropertyObjectAsTriples;169;0;;;;
KnowledgeBase.getPropertyObjectAsTriples;175;0;;;;
KnowledgeBase.getPropertyObjectAsTriples;173;0;;;;
KnowledgeBase.getPropertyObjectAsTriples;217;0;;;;
KnowledgeBase.initialize;795;4919296;;;;
KnowledgeBase.initialize;215;-4096;;;;
KnowledgeBase.initialize;178;0;;;;
KnowledgeBase.initialize;198;0;;;;
KnowledgeBase.initialize;160;0;;;;
KnowledgeBase.initialize;230;0;;;;
KnowledgeBase.initialize;155;8192;;;;
KnowledgeBase.initialize;165;0;;;;
KnowledgeBase.initialize;145;0;;;;
KnowledgeBase.initialize;138;0;;;;
KnowledgeBase.removeTriple;160;0;;;;
KnowledgeBase.removeTriple;107;0;;;;
KnowledgeBase.removeTriple;157;0;;;;
KnowledgeBase.removeTriple;108;0;;;;
KnowledgeBase.removeTriple;162;0;;;;
KnowledgeBase.removeTriple;106;0;;;;
KnowledgeBase.removeTriple;120;0;;;;
KnowledgeBase.removeTriple;148;0;;;;
KnowledgeBase.removeTriple;103;0;;;;
KnowledgeBase.removeTriple;158;0;;;;
KnowledgeBase.removeTriple;104;0;;;;
KnowledgeBase.removeTriple;103;0;;;;
KnowledgeBase.removeTriple;152;0;;;;
KnowledgeBase.removeTriple;102;0;;;;
KnowledgeBase.removeTriple;141;0;;;;
KnowledgeBase.removeTriple;102;0;;;;
KnowledgeBase.removeTriple;218;151552;;;;
KnowledgeBase.removeTriple;159;-921600;;;;
KnowledgeBase.removeTriple;105;-81920;;;;
KnowledgeBase.removeTriple;152;-122880;;;;
KnowledgeBase.removeTriple;102;0;;;;
KnowledgeBase.removeTriple;199;368640;;;;
KnowledgeBase.removeTriple;103;0;;;;
KnowledgeBase.removeTriple;151;0;;;;
KnowledgeBase.removeTriple;105;0;;;;
KnowledgeBase.removeTriple;182;0;;;;
KnowledgeBase.removeTriple;103;0;;;;
KnowledgeBase.removeTriple;181;-61440;;;;
KnowledgeBase.removeTriple;102;0;;;;
KnowledgeBase.removeTriple;144;0;;;;
KnowledgeBase.removeTriple;103;0;;;;
KnowledgeBase.removeTriple;153;0;;;;
KnowledgeBase.removeTriple;106;-4096;;;;
KnowledgeBase.removeTriple;105;0;;;;
KnowledgeBase.removeTriple;154;0;;;;
KnowledgeBase.removeTriple;106;0;;;;
KnowledgeBase.removeTriple;107;0;;;;
KnowledgeBase.removeTriple;147;0;;;;
KnowledgeBase.removeTriple;100;0;;;;
KnowledgeBase.removeTriple;168;0;;;;
KnowledgeBase.removeTriple;100;0;;;;
KnowledgeBase.removeTriple;167;-4096;;;;
KnowledgeBase.removeTriple;107;0;;;;
KnowledgeBase.removeTriple;167;0;;;;
KnowledgeBase.removeTriple;103;-4096;;;;
KnowledgeBase.removeTriple;149;0;;;;
KnowledgeBase.removeTriple;152;0;;;;
KnowledgeBase.removeTriple;102;0;;;;
KnowledgeBase.removeTriple;149;0;;;;
KnowledgeBase.removeTriple;150;0;;;;
KnowledgeBase.removeTriple;104;0;;;;
KnowledgeBase.removeTriple;150;0;;;;
KnowledgeBase.removeTriple;152;0;;;;
KnowledgeBase.removeTriple;102;0;;;;
KnowledgeBase.removeTriple;152;0;;;;
KnowledgeBase.removeTriple;108;0;;;;
KnowledgeBase.removeTriple;103;0;;;;
KnowledgeBase.removeTriple;151;0;;;;
KnowledgeBase.removeTriple;98;-4096;;;;
KnowledgeBase.removeTriple;146;-8192;;;;
KnowledgeBase.removeTriple;102;0;;;;
KnowledgeBase.removeTriple;154;0;;;;
KnowledgeBase.removeTriple;101;0;;;;
KnowledgeBase.removeTriple;171;0;;;;
KnowledgeBase.removeTriple;102;0;;;;
KnowledgeBase.removeTriple;150;0;;;;
KnowledgeBase.removeTriple;168;0;;;;
KnowledgeBase.removeTriple;149;0;;;;
KnowledgeBase.removeTriple;148;0;;;;
KnowledgeBase.removeTriple;147;0;;;;
KnowledgeBase.removeTriple;146;0;;;;
KnowledgeBase.removeTriple;145;0;;;;
KnowledgeBase.removeTriple;148;0;;;;
KnowledgeBase.removeTriple;147;0;;;;
KnowledgeBase.removeTriple;147;0;;;;
KnowledgeBase.removeTriple;150;0;;;;
KnowledgeBase.removeTriple;147;0;;;;
KnowledgeBase.removeTriple;105;0;;;;
KnowledgeBase.removeTriple;150;0;;;;
KnowledgeBase.removeTriple;153;0;;;;
KnowledgeBase.removeTriple;101;0;;;;
KnowledgeBase.removeTriple;149;0;;;;
KnowledgeBase.removeTriple;153;0;;;;
KnowledgeBase.removeTriple;100;0;;;;
KnowledgeBase.removeTriple;153;0;;;;
KnowledgeBase.removeTriple;156;0;;;;
KnowledgeBase.removeTriple;100;0;;;;
KnowledgeBase.removeTriple;148;0;;;;
KnowledgeBase.removeTriple;98;0;;;;
KnowledgeBase.removeTriple;186;0;;;;
KnowledgeBase.removeTriple;98;0;;;;
KnowledgeBase.removeTriple;175;0;;;;
KnowledgeBase.removeTriple;99;0;;;;
KnowledgeBase.removeTriple;158;0;;;;
KnowledgeBase.removeTriple;100;0;;;;
KnowledgeBase.removeTriple;115;0;;;;
KnowledgeBase.removeTriple;142;0;;;;
KnowledgeBase.removeTriple;102;0;;;;
KnowledgeBase.removeTriple;158;0;;;;
KnowledgeBase.removeTriple;108;0;;;;
KnowledgeBase.removeTriple;156;491520;;;;
KnowledgeBase.removeTriple;98;0;;;;
KnowledgeBase.removeTriple;151;0;;;;
KnowledgeBase.removeTriple;149;0;;;;
KnowledgeBase.removeTriple;97;0;;;;
KnowledgeBase.removeTriple;149;0;;;;
KnowledgeBase.removeTriple;152;0;;;;
KnowledgeBase.removeTriple;97;0;;;;
KnowledgeBase.removeTriple;152;0;;;;
KnowledgeBase.removeTriple;151;0;;;;
KnowledgeBase.uninitialize;5;0;;;;
KnowledgeBase.uninitialize;5;0;;;;
KnowledgeBase.uninitialize;4;0;;;;
KnowledgeBase.uninitialize;4;0;;;;
KnowledgeBase.uninitialize;4;0;;;;
KnowledgeBase.uninitialize;4;0;;;;
KnowledgeBase.uninitialize;5;0;;;;
KnowledgeBase.uninitialize;4;0;;;;
KnowledgeBase.uninitialize;4;0;;;;
KnowledgeBase.uninitialize;3;0;;;;
PolicyManager.getAllowedModel;412;1011712;;;;
PolicyManager.getAllowedModel;248;380928;;;;
PolicyManager.getAllowedModel;199;0;;;;
PolicyManager.getAllowedModel;227;0;;;;
PolicyManager.getAllowedModel;251;507904;;;;
PolicyManager.getAllowedModel;200;-126976;;;;
PolicyManager.getAllowedModel;197;126976;;;;
PolicyManager.getAllowedModel;201;0;;;;
PolicyManager.getAllowedModel;137;0;;;;
PolicyManager.getAllowedModel;191;0;;;;
PolicyManager.getAllowedModel;179;0;;;;
PolicyManager.getAllowedModel;180;-16384;;;;
PolicyManager.getAllowedModel;178;253952;;;;
PolicyManager.getAllowedModel;182;0;;;;
PolicyManager.getAllowedModel;138;0;;;;
PolicyManager.getAllowedModel;170;4096;;;;
PolicyManager.getAllowedModel;201;-253952;;;;
PolicyManager.getAllowedModel;130;0;;;;
PolicyManager.getAllowedModel;197;0;;;;
PolicyManager.getAllowedModel;164;253952;;;;
PolicyManager.getAllowedModel;179;0;;;;
PolicyManager.getAllowedModel;171;0;;;;
PolicyManager.getAllowedModel;171;0;;;;
PolicyManager.getAllowedModel;184;0;;;;
PolicyManager.getAllowedModel;124;0;;;;
PolicyManager.getAllowedModel;200;0;;;;
PolicyManager.getAllowedModel;128;-8192;;;;
PolicyManager.getAllowedModel;172;0;;;;
PolicyManager.getAllowedModel;206;0;;;;
PolicyManager.getAllowedModel;129;0;;;;
PolicyManager.getAllowedModel;189;0;;;;
PolicyManager.getAllowedModel;195;0;;;;
PolicyManager.getAllowedModel;219;0;;;;
PolicyManager.getAllowedModel;183;0;;;;
PolicyManager.getAllowedModel;129;0;;;;
PolicyManager.getAllowedModel;171;0;;;;
PolicyManager.getAllowedModel;186;0;;;;
PolicyManager.getAllowedModel;169;0;;;;
PolicyManager.getAllowedModel;126;0;;;;
PolicyManager.getAllowedModel;169;0;;;;
PolicyManager.getAllowedModel;196;126976;;;;
PolicyManager.getAllowedModel;128;0;;;;
PolicyManager.getAllowedModel;213;0;;;;
PolicyManager.getAllowedModel;135;126976;;;;
PolicyManager.getAllowedModel;168;0;;;;
PolicyManager.getAllowedModel;179;0;;;;
PolicyManager.getAllowedModel;171;0;;;;
PolicyManager.getAllowedModel;177;0;;;;
PolicyManager.getAllowedModel;129;0;;;;
PolicyManager.getAllowedModel;193;0;;;;
PolicyManager.getAllowedModel;129;0;;;;
PolicyManager.getAllowedModel;171;0;;;;
PolicyManager.getAllowedModel;126;0;;;;
PolicyManager.getAllowedModel;174;0;;;;
PolicyManager.getAllowedModel;180;0;;;;
PolicyManager.getAllowedModel;160;0;;;;
PolicyManager.getAllowedModel;163;0;;;;
PolicyManager.getAllowedModel;174;0;;;;
PolicyManager.getAllowedModel;125;0;;;;
PolicyManager.getAllowedModel;169;0;;;;
PolicyManager.getAllowedModel;209;126976;;;;
PolicyManager.getAllowedModel;136;0;;;;
PolicyManager.getAllowedModel;193;0;;;;
PolicyManager.getAllowedModel;174;0;;;;
PolicyManager.getAllowedModel;131;0;;;;
PolicyManager.getAllowedModel;168;0;;;;
PolicyManager.getAllowedModel;178;0;;;;
PolicyManager.getAllowedModel;125;0;;;;
PolicyManager.getAllowedModel;178;0;;;;
PolicyManager.getAllowedModel;174;0;;;;
PolicyManager.getAllowedModel;178;0;;;;
PolicyManager.getAllowedModel;166;0;;;;
PolicyManager.getAllowedModel;210;-126976;;;;
PolicyManager.getAllowedModel;163;0;;;;
PolicyManager.getAllowedModel;170;0;;;;
PolicyManager.getAllowedModel;126;0;;;;
PolicyManager.getAllowedModel;163;0;;;;
PolicyManager.getAllowedModel;176;0;;;;
PolicyManager.getAllowedModel;214;-122880;;;;
PolicyManager.getAllowedModel;166;192512;;;;
PolicyManager.getAllowedModel;171;0;;;;
PolicyManager.getAllowedModel;167;0;;;;
PolicyManager.getAllowedModel;169;0;;;;
PolicyManager.getAllowedModel;173;8192;;;;
PolicyManager.getAllowedModel;175;0;;;;
PolicyManager.getAllowedModel;169;0;;;;
PolicyManager.getAllowedModel;168;0;;;;
PolicyManager.getAllowedModel;168;8192;;;;
PolicyManager.getAllowedModel;164;0;;;;
PolicyManager.getAllowedModel;171;0;;;;
PolicyManager.getAllowedModel;176;0;;;;
PolicyManager.getAllowedModel;172;-12288;;;;
PolicyManager.getAllowedModel;175;0;;;;
PolicyManager.getAllowedModel;173;61440;;;;
PolicyManager.getAllowedModel;122;0;;;;
PolicyManager.getAllowedModel;177;0;;;;
PolicyManager.getAllowedModel;184;0;;;;
PolicyManager.getAllowedModel;123;0;;;;
PolicyManager.getAllowedModel;176;0;;;;
PolicyManager.getAllowedModel;173;0;;;;
PolicyManager.getAllowedModel;124;0;;;;
PolicyManager.getAllowedModel;197;0;;;;
PolicyManager.getAllowedModel;197;0;;;;
PolicyManager.getAllowedModel;120;0;;;;
PolicyManager.getAllowedModel;177;0;;;;
PolicyManager.getAllowedModel;192;0;;;;
PolicyManager.getAllowedModel;114;0;;;;
PolicyManager.getAllowedModel;197;0;;;;
PolicyManager.getAllowedModel;164;0;;;;
PolicyManager.getAllowedModel;134;0;;;;
PolicyManager.getAllowedModel;190;245760;;;;
PolicyManager.getAllowedModel;159;0;;;;
PolicyManager.getAllowedModel;119;0;;;;
PolicyManager.getAllowedModel;193;0;;;;
PolicyManager.getAllowedModel;166;0;;;;
PolicyManager.getAllowedModel;121;0;;;;
PolicyManager.getAllowedModel;179;0;;;;
PolicyManager.getAllowedModel;165;0;;;;
PolicyManager.getAllowedModel;124;0;;;;
PolicyManager.getAllowedModel;193;0;;;;
PolicyManager.getAllowedModel;135;0;;;;
PolicyManager.getAllowedModel;169;0;;;;
PolicyManager.getAllowedModel;121;0;;;;
PolicyManager.getAllowedModel;170;0;;;;
PolicyManager.getAllowedModel;169;0;;;;
PolicyManager.getAllowedModel;125;0;;;;
PolicyManager.getAllowedModel;170;0;;;;
PolicyManager.getAllowedModel;175;0;;;;
PolicyManager.getAllowedModel;125;0;;;;
PolicyManager.getAllowedModel;174;0;;;;
PolicyManager.getAllowedModel;172;0;;;;
PolicyManager.getAllowedModel;122;0;;;;
PolicyManager.getAllowedModel;180;0;;;;
PolicyManager.getAllowedModel;172;0;;;;
PolicyManager.getAllowedModel;140;0;;;;
PolicyManager.getAllowedModel;194;122880;;;;
PolicyManager.getAllowedModel;174;0;;;;
PolicyManager.getAllowedModel;126;0;;;;
PolicyManager.getAllowedModel;214;0;;;;
PolicyManager.getAllowedModel;172;0;;;;
PolicyManager.getAllowedModel;170;0;;;;
PolicyManager.getAllowedModel;202;-8192;;;;
PolicyManager.getAllowedModel;203;0;;;;
PolicyManager.getAllowedModel;162;0;;;;
PolicyManager.getAllowedModel;163;0;;;;
PolicyManager.getAllowedModel;164;8192;;;;
PolicyManager.getAllowedModel;203;0;;;;
PolicyManager.getAllowedModel;182;0;;;;
PolicyManager.getAllowedModel;167;0;;;;
PolicyManager.getAllowedModel;160;0;;;;
PolicyManager.getAllowedModel;205;0;;;;
PolicyManager.getAllowedModel;165;0;;;;
PolicyManager.getAllowedModel;164;0;;;;
PolicyManager.getAllowedModel;168;0;;;;
PolicyManager.getAllowedModel;229;0;;;;
PolicyManager.getAllowedModel;205;0;;;;
PolicyManager.getAllowedModel;168;0;;;;
PolicyManager.getAllowedModel;169;0;;;;
PolicyManager.getAllowedModel;162;0;;;;
PolicyManager.getAllowedModel;209;0;;;;
PolicyManager.getAllowedModel;168;0;;;;
PolicyManager.getAllowedModel;172;0;;;;
PolicyManager.getAllowedModel;170;0;;;;
PolicyManager.getAllowedModel;171;0;;;;
PolicyManager.getAllowedModel;210;0;;;;
PolicyManager.getAllowedModel;170;0;;;;
PolicyManager.getAllowedModel;178;-184320;;;;
PolicyManager.getAllowedModel;168;0;;;;
PolicyManager.getAllowedModel;219;0;;;;
PolicyManager.getAllowedModel;171;0;;;;
PolicyManager.getAllowedModel;168;0;;;;
PolicyManager.getAllowedModel;176;0;;;;
PolicyManager.getAllowedModel;174;0;;;;
PolicyManager.getAllowedModel;223;0;;;;
PolicyManager.getAllowedModel;175;0;;;;
PolicyManager.getAllowedModel;197;0;;;;
PolicyManager.getAllowedModel;167;0;;;;
PolicyManager.getAllowedModel;167;0;;;;
PolicyManager.getAllowedModel;161;0;;;;
PolicyManager.getAllowedModel;168;0;;;;
PolicyManager.getAllowedModel;124;0;;;;
PolicyManager.getAllowedModel;169;0;;;;
PolicyManager.getAllowedModel;188;0;;;;
PolicyManager.getAllowedModel;171;0;;;;
PolicyManager.getAllowedModel;163;0;;;;
PolicyManager.getAllowedModel;168;0;;;;
PolicyManager.getAllowedModel;122;0;;;;
PolicyManager.getAllowedModel;168;0;;;;
PolicyManager.getAllowedModel;167;0;;;;
PolicyManager.getAllowedModel;167;0;;;;
PolicyManager.getAllowedModel;166;0;;;;
PolicyManager.getAllowedModel;168;0;;;;
PolicyManager.getAllowedModel;179;0;;;;
PolicyManager.getAllowedModel;169;0;;;;
PolicyManager.getAllowedModel;171;0;;;;
PolicyManager.getAllowedModel;175;0;;;;
PolicyManager.getAllowedModel;170;0;;;;
PolicyManager.getAllowedModel;171;0;;;;
PolicyManager.getAllowedModel;122;0;;;;
PolicyManager.getAllowedModel;170;0;;;;
PolicyManager.getAllowedModel;171;0;;;;
PolicyManager.getAllowedModel;182;0;;;;
PolicyManager.getAllowedModel;124;0;;;;
PolicyManager.getAllowedModel;185;0;;;;
PolicyManager.getAllowedModel;125;0;;;;
PolicyManager.getAllowedModel;174;0;;;;
PolicyManager.getAllowedModel;173;0;;;;
PolicyManager.getAllowedModel;125;0;;;;
PolicyManager.getAllowedModel;186;0;;;;
PolicyManager.getAllowedModel;202;0;;;;
PolicyManager.getAllowedModel;175;0;;;;
PolicyManager.getAllowedModel;204;0;;;;
PolicyManager.getAllowedModel;206;0;;;;
PolicyManager.getAllowedModel;201;0;;;;
PolicyManager.getAllowedModel;205;61440;;;;
PolicyManager.getAllowedModel;207;0;;;;
PolicyManager.getAllowedModel;205;0;;;;
PolicyManager.getAllowedModel;209;0;;;;
PolicyManager.getAllowedModel;209;0;;;;
PolicyManager.getAllowedModel;203;0;;;;
PolicyManager.getAllowedModel;208;0;;;;
PolicyManager.getAllowedModel;208;0;;;;
PolicyManager.getAllowedModel;204;0;;;;
PolicyManager.getAllowedModel;210;0;;;;
PolicyManager.getAllowedModel;209;0;;;;
PolicyManager.getAllowedModel;205;0;;;;
PolicyManager.getAllowedModel;208;0;;;;
PolicyManager.getAllowedModel;210;0;;;;
PolicyManager.getAllowedModel;206;0;;;;
PolicyManager.getAllowedModel;210;0;;;;
PolicyManager.getAllowedModel;211;0;;;;
PolicyManager.getAllowedModel;207;0;;;;
PolicyManager.getAllowedModel;220;0;;;;
PolicyManager.getAllowedModel;212;0;;;;
PolicyManager.getAllowedModel;207;0;;;;
PolicyManager.getAllowedModel;217;0;;;;
PolicyManager.getAllowedModel;214;0;;;;
PolicyManager.getAllowedModel;209;0;;;;
PolicyManager.getAllowedModel;219;-61440;;;;
PolicyManager.getAllowedModel;212;0;;;;
PolicyManager.getAllowedModel;211;0;;;;
PolicyManager.getAllowedModel;213;0;;;;
PolicyManager.getAllowedModel;212;0;;;;
PolicyManager.getAllowedModel;219;0;;;;
PolicyManager.getAllowedModel;215;-4096;;;;
PolicyManager.getAllowedModel;182;122880;;;;
PolicyManager.getAllowedModel;164;0;;;;
PolicyManager.getAllowedModel;206;0;;;;
PolicyManager.getAllowedModel;165;0;;;;
PolicyManager.getAllowedModel;200;0;;;;
PolicyManager.getAllowedModel;170;0;;;;
PolicyManager.getAllowedModel;220;81920;;;;
PolicyManager.getAllowedModel;169;-24576;;;;
PolicyManager.getAllowedModel;170;0;;;;
PolicyManager.getAllowedModel;167;0;;;;
PolicyManager.getAllowedModel;211;0;;;;
PolicyManager.getAllowedModel;168;0;;;;
PolicyManager.getAllowedModel;182;0;;;;
PolicyManager.getAllowedModel;167;0;;;;
PolicyManager.getAllowedModel;167;0;;;;
PolicyManager.getAllowedModel;204;0;;;;
PolicyManager.getAllowedModel;167;0;;;;
PolicyManager.getAllowedModel;167;0;;;;
PolicyManager.getAllowedModel;166;0;;;;
PolicyManager.getAllowedModel;210;0;;;;
PolicyManager.getAllowedModel;169;0;;;;
PolicyManager.getAllowedModel;167;0;;;;
PolicyManager.getAllowedModel;169;0;;;;
PolicyManager.getAllowedModel;170;0;;;;
PolicyManager.getAllowedModel;224;61440;;;;
PolicyManager.getAllowedModel;181;0;;;;
PolicyManager.getAllowedModel;170;0;;;;
PolicyManager.getAllowedModel;169;0;;;;
PolicyManager.getAllowedModel;216;0;;;;
PolicyManager.getAllowedModel;170;0;;;;
PolicyManager.getAllowedModel;170;0;;;;
PolicyManager.getAllowedModel;172;0;;;;
PolicyManager.getAllowedModel;181;0;;;;
PolicyManager.getAllowedModel;213;-4096;;;;
PolicyManager.getAllowedModel;176;0;;;;
PolicyManager.getAllowedModel;171;0;;;;
PolicyManager.getAllowedModel;166;0;;;;
PolicyManager.getAllowedModel;162;0;;;;
PolicyManager.getAllowedModel;163;0;;;;
PolicyManager.getAllowedModel;163;0;;;;
PolicyManager.getAllowedModel;164;0;;;;
PolicyManager.getAllowedModel;166;0;;;;
PolicyManager.getAllowedModel;164;0;;;;
PolicyManager.getAllowedModel;168;0;;;;
PolicyManager.getAllowedModel;166;0;;;;
PolicyManager.getAllowedModel;168;0;;;;
PolicyManager.getAllowedModel;123;0;;;;
PolicyManager.getAllowedModel;165;0;;;;
PolicyManager.getAllowedModel;170;0;;;;
PolicyManager.getAllowedModel;178;0;;;;
PolicyManager.getAllowedModel;169;0;;;;
PolicyManager.getAllowedModel;172;0;;;;
PolicyManager.getAllowedModel;179;0;;;;
PolicyManager.getAllowedModel;166;0;;;;
PolicyManager.getAllowedModel;170;0;;;;
PolicyManager.getAllowedModel;174;0;;;;
PolicyManager.getAllowedModel;168;0;;;;
PolicyManager.getAllowedModel;172;0;;;;
PolicyManager.getAllowedModel;122;0;;;;
PolicyManager.getAllowedModel;173;0;;;;
PolicyManager.getAllowedModel;173;0;;;;
PolicyManager.getAllowedModel;175;0;;;;
PolicyManager.getAllowedModel;120;0;;;;
PolicyManager.getAllowedModel;175;0;;;;
PolicyManager.getAllowedModel;175;0;;;;
PolicyManager.getAllowedModel;122;0;;;;
PolicyManager.getAllowedModel;181;-4096;;;;
PolicyManager.getAllowedModel;173;0;;;;
PolicyManager.getAllowedModel;116;0;;;;
PolicyManager.getAllowedModel;177;0;;;;
PolicyManager.getAllowedModel;174;0;;;;
PolicyManager.getAllowedModel;166;0;;;;
PolicyManager.getAllowedModel;164;0;;;;
PolicyManager.getAllowedModel;201;0;;;;
PolicyManager.getAllowedModel;164;0;;;;
PolicyManager.getAllowedModel;177;0;;;;
PolicyManager.getAllowedModel;160;0;;;;
PolicyManager.getAllowedModel;207;0;;;;
PolicyManager.getAllowedModel;172;0;;;;
PolicyManager.getAllowedModel;163;-4096;;;;
PolicyManager.getAllowedModel;164;0;;;;
PolicyManager.getAllowedModel;166;0;;;;
PolicyManager.getAllowedModel;205;0;;;;
PolicyManager.getAllowedModel;168;0;;;;
PolicyManager.getAllowedModel;167;0;;;;
PolicyManager.getAllowedModel;165;0;;;;
PolicyManager.getAllowedModel;211;0;;;;
PolicyManager.getAllowedModel;215;0;;;;
PolicyManager.getAllowedModel;168;0;;;;
PolicyManager.getAllowedModel;167;0;;;;
PolicyManager.getAllowedModel;168;-8192;;;;
PolicyManager.getAllowedModel;215;0;;;;
PolicyManager.getAllowedModel;175;0;;;;
PolicyManager.getAllowedModel;169;0;;;;
PolicyManager.getAllowedModel;176;8192;;;;
PolicyManager.getAllowedModel;211;0;;;;
PolicyManager.getAllowedModel;170;0;;;;
PolicyManager.getAllowedModel;168;0;;;;
PolicyManager.getAllowedModel;169;-4096;;;;
PolicyManager.getAllowedModel;168;0;;;;
PolicyManager.getAllowedModel;208;0;;;;
PolicyManager.getAllowedModel;173;0;;;;
PolicyManager.getAllowedModel;171;0;;;;
PolicyManager.getAllowedModel;248;-122880;;;;
PolicyManager.getAllowedModel;214;0;;;;
PolicyManager.isAllowed_t;87;0;;;;
PolicyManager.isAllowed_t;121;0;;;;
PolicyManager.isAllowed_t;77;0;;;;
PolicyManager.isAllowed_t;102;0;;;;
PolicyManager.isAllowed_t;147;0;;;;
PolicyManager.isAllowed_t;61;0;;;;
PolicyManager.isAllowed_t;62;0;;;;
PolicyManager.isAllowed_t;102;0;;;;
PolicyManager.isAllowed_t;129;0;;;;
PolicyManager.isAllowed_t;94;0;;;;
PolicyManager.isAllowed_t;62;0;;;;
PolicyManager.isAllowed_t;159;0;;;;
PolicyManager.isAllowed_t;105;0;;;;
PolicyManager.isAllowed_t;156;0;;;;
PolicyManager.isAllowed_t;107;0;;;;
PolicyManager.isAllowed_t;160;0;;;;
PolicyManager.isAllowed_t;104;0;;;;
PolicyManager.isAllowed_t;118;0;;;;
PolicyManager.isAllowed_t;146;0;;;;
PolicyManager.isAllowed_t;101;0;;;;
PolicyManager.isAllowed_t;157;0;;;;
PolicyManager.isAllowed_t;103;0;;;;
PolicyManager.isAllowed_t;64;0;;;;
PolicyManager.isAllowed_t;108;0;;;;
PolicyManager.isAllowed_t;75;0;;;;
PolicyManager.isAllowed_t;62;0;;;;
PolicyManager.isAllowed_t;105;0;;;;
PolicyManager.isAllowed_t;84;-4096;;;;
PolicyManager.isAllowed_t;126;0;;;;
PolicyManager.isAllowed_t;131;0;;;;
PolicyManager.isAllowed_t;104;0;;;;
PolicyManager.isAllowed_t;100;0;;;;
PolicyManager.isAllowed_t;102;0;;;;
PolicyManager.isAllowed_t;101;0;;;;
PolicyManager.isAllowed_t;151;0;;;;
PolicyManager.isAllowed_t;100;0;;;;
PolicyManager.isAllowed_t;139;0;;;;
PolicyManager.isAllowed_t;101;0;;;;
PolicyManager.isAllowed_t;216;151552;;;;
PolicyManager.isAllowed_t;158;-921600;;;;
PolicyManager.isAllowed_t;103;-81920;;;;
PolicyManager.isAllowed_t;151;-122880;;;;
PolicyManager.isAllowed_t;100;0;;;;
PolicyManager.isAllowed_t;198;368640;;;;
PolicyManager.isAllowed_t;102;-8192;;;;
PolicyManager.isAllowed_t;58;0;;;;
PolicyManager.isAllowed_t;110;0;;;;
PolicyManager.isAllowed_t;109;0;;;;
PolicyManager.isAllowed_t;67;-8192;;;;
PolicyManager.isAllowed_t;61;0;;;;
PolicyManager.isAllowed_t;112;0;;;;
PolicyManager.isAllowed_t;59;0;;;;
PolicyManager.isAllowed_t;63;0;;;;
PolicyManager.isAllowed_t;65;0;;;;
PolicyManager.isAllowed_t;62;0;;;;
PolicyManager.isAllowed_t;102;0;;;;
PolicyManager.isAllowed_t;150;0;;;;
PolicyManager.isAllowed_t;104;0;;;;
PolicyManager.isAllowed_t;180;0;;;;
PolicyManager.isAllowed_t;101;0;;;;
PolicyManager.isAllowed_t;179;-61440;;;;
PolicyManager.isAllowed_t;100;0;;;;
PolicyManager.isAllowed_t;142;0;;;;
PolicyManager.isAllowed_t;101;0;;;;
PolicyManager.isAllowed_t;152;0;;;;
PolicyManager.isAllowed_t;105;-4096;;;;
PolicyManager.isAllowed_t;62;0;;;;
PolicyManager.isAllowed_t;59;0;;;;
PolicyManager.isAllowed_t;62;0;;;;
PolicyManager.isAllowed_t;61;0;;;;
PolicyManager.isAllowed_t;93;0;;;;
PolicyManager.isAllowed_t;125;-4096;;;;
PolicyManager.isAllowed_t;132;0;;;;
PolicyManager.isAllowed_t;136;0;;;;
PolicyManager.isAllowed_t;115;0;;;;
PolicyManager.isAllowed_t;103;0;;;;
PolicyManager.isAllowed_t;116;0;;;;
PolicyManager.isAllowed_t;102;0;;;;
PolicyManager.isAllowed_t;153;0;;;;
PolicyManager.isAllowed_t;104;0;;;;
PolicyManager.isAllowed_t;105;0;;;;
PolicyManager.isAllowed_t;145;0;;;;
PolicyManager.isAllowed_t;98;0;;;;
PolicyManager.isAllowed_t;167;0;;;;
PolicyManager.isAllowed_t;98;0;;;;
PolicyManager.isAllowed_t;166;-4096;;;;
PolicyManager.isAllowed_t;106;0;;;;
PolicyManager.isAllowed_t;166;0;;;;
PolicyManager.isAllowed_t;108;0;;;;
PolicyManager.isAllowed_t;108;0;;;;
PolicyManager.isAllowed_t;113;0;;;;
PolicyManager.isAllowed_t;107;0;;;;
PolicyManager.isAllowed_t;107;-4096;;;;
PolicyManager.isAllowed_t;118;0;;;;
PolicyManager.isAllowed_t;101;0;;;;
PolicyManager.isAllowed_t;135;0;;;;
PolicyManager.isAllowed_t;131;0;;;;
PolicyManager.isAllowed_t;111;0;;;;
PolicyManager.isAllowed_t;125;0;;;;
PolicyManager.isAllowed_t;100;-4096;;;;
PolicyManager.isAllowed_t;147;0;;;;
PolicyManager.isAllowed_t;150;0;;;;
PolicyManager.isAllowed_t;100;0;;;;
PolicyManager.isAllowed_t;147;0;;;;
PolicyManager.isAllowed_t;148;0;;;;
PolicyManager.isAllowed_t;102;0;;;;
PolicyManager.isAllowed_t;148;0;;;;
PolicyManager.isAllowed_t;150;0;;;;
PolicyManager.isAllowed_t;100;0;;;;
PolicyManager.isAllowed_t;150;0;;;;
PolicyManager.isAllowed_t;105;0;;;;
PolicyManager.isAllowed_t;61;0;;;;
PolicyManager.isAllowed_t;127;-126976;;;;
PolicyManager.isAllowed_t;63;0;;;;
PolicyManager.isAllowed_t;82;0;;;;
PolicyManager.isAllowed_t;65;0;;;;
PolicyManager.isAllowed_t;123;0;;;;
PolicyManager.isAllowed_t;62;0;;;;
PolicyManager.isAllowed_t;125;0;;;;
PolicyManager.isAllowed_t;113;0;;;;
PolicyManager.isAllowed_t;115;0;;;;
PolicyManager.isAllowed_t;107;0;;;;
PolicyManager.isAllowed_t;102;0;;;;
PolicyManager.isAllowed_t;150;0;;;;
PolicyManager.isAllowed_t;96;0;;;;
PolicyManager.isAllowed_t;144;-8192;;;;
PolicyManager.isAllowed_t;100;0;;;;
PolicyManager.isAllowed_t;152;0;;;;
PolicyManager.isAllowed_t;99;0;;;;
PolicyManager.isAllowed_t;169;0;;;;
PolicyManager.isAllowed_t;101;0;;;;
PolicyManager.isAllowed_t;149;0;;;;
PolicyManager.isAllowed_t;108;0;;;;
PolicyManager.isAllowed_t;116;245760;;;;
PolicyManager.isAllowed_t;118;-61440;;;;
PolicyManager.isAllowed_t;108;0;;;;
PolicyManager.isAllowed_t;117;0;;;;
PolicyManager.isAllowed_t;112;0;;;;
PolicyManager.isAllowed_t;111;0;;;;
PolicyManager.isAllowed_t;117;0;;;;
PolicyManager.isAllowed_t;111;0;;;;
PolicyManager.isAllowed_t;112;0;;;;
PolicyManager.isAllowed_t;113;0;;;;
PolicyManager.isAllowed_t;167;0;;;;
PolicyManager.isAllowed_t;146;0;;;;
PolicyManager.isAllowed_t;147;0;;;;
PolicyManager.isAllowed_t;146;0;;;;
PolicyManager.isAllowed_t;144;0;;;;
PolicyManager.isAllowed_t;144;0;;;;
PolicyManager.isAllowed_t;147;0;;;;
PolicyManager.isAllowed_t;146;0;;;;
PolicyManager.isAllowed_t;144;0;;;;
PolicyManager.isAllowed_t;148;0;;;;
PolicyManager.isAllowed_t;146;0;;;;
PolicyManager.isAllowed_t;109;0;;;;
PolicyManager.isAllowed_t;108;0;;;;
PolicyManager.isAllowed_t;108;0;;;;
PolicyManager.isAllowed_t;112;0;;;;
PolicyManager.isAllowed_t;106;0;;;;
PolicyManager.isAllowed_t;103;0;;;;
PolicyManager.isAllowed_t;105;0;;;;
PolicyManager.isAllowed_t;135;0;;;;
PolicyManager.isAllowed_t;123;8192;;;;
PolicyManager.isAllowed_t;112;0;;;;
PolicyManager.isAllowed_t;138;0;;;;
PolicyManager.isAllowed_t;102;0;;;;
PolicyManager.isAllowed_t;149;0;;;;
PolicyManager.isAllowed_t;152;0;;;;
PolicyManager.isAllowed_t;99;0;;;;
PolicyManager.isAllowed_t;148;0;;;;
PolicyManager.isAllowed_t;151;0;;;;
PolicyManager.isAllowed_t;99;0;;;;
PolicyManager.isAllowed_t;151;0;;;;
PolicyManager.isAllowed_t;155;0;;;;
PolicyManager.isAllowed_t;99;0;;;;
PolicyManager.isAllowed_t;147;0;;;;
PolicyManager.isAllowed_t;113;0;;;;
PolicyManager.isAllowed_t;103;0;;;;
PolicyManager.isAllowed_t;104;-4096;;;;
PolicyManager.isAllowed_t;66;0;;;;
PolicyManager.isAllowed_t;65;0;;;;
PolicyManager.isAllowed_t;62;0;;;;
PolicyManager.isAllowed_t;123;0;;;;
PolicyManager.isAllowed_t;62;0;;;;
PolicyManager.isAllowed_t;60;0;;;;
PolicyManager.isAllowed_t;59;0;;;;
PolicyManager.isAllowed_t;60;0;;;;
PolicyManager.isAllowed_t;97;0;;;;
PolicyManager.isAllowed_t;184;0;;;;
PolicyManager.isAllowed_t;96;0;;;;
PolicyManager.isAllowed_t;173;0;;;;
PolicyManager.isAllowed_t;97;0;;;;
PolicyManager.isAllowed_t;155;0;;;;
PolicyManager.isAllowed_t;99;0;;;;
PolicyManager.isAllowed_t;114;0;;;;
PolicyManager.isAllowed_t;140;0;;;;
PolicyManager.isAllowed_t;101;0;;;;
PolicyManager.isAllowed_t;156;0;;;;
PolicyManager.isAllowed_t;113;0;;;;
PolicyManager.isAllowed_t;117;0;;;;
PolicyManager.isAllowed_t;105;0;;;;
PolicyManager.isAllowed_t;144;0;;;;
PolicyManager.isAllowed_t;57;0;;;;
PolicyManager.isAllowed_t;114;0;;;;
PolicyManager.isAllowed_t;121;0;;;;
PolicyManager.isAllowed_t;115;0;;;;
PolicyManager.isAllowed_t;115;0;;;;
PolicyManager.isAllowed_t;146;0;;;;
PolicyManager.isAllowed_t;119;-126976;;;;
PolicyManager.isAllowed_t;106;0;;;;
PolicyManager.isAllowed_t;155;491520;;;;
PolicyManager.isAllowed_t;96;0;;;;
PolicyManager.isAllowed_t;149;0;;;;
PolicyManager.isAllowed_t;148;0;;;;
PolicyManager.isAllowed_t;96;0;;;;
PolicyManager.isAllowed_t;146;0;;;;
PolicyManager.isAllowed_t;151;0;;;;
PolicyManager.isAllowed_t;95;0;;;;
PolicyManager.isAllowed_t;151;0;;;;
PolicyManager.isAllowed_t;149;0;;;;
StorageAccessManager.deleteObjectProperty;163;0;;;;
StorageAccessManager.deleteObjectProperty;110;0;;;;
StorageAccessManager.deleteObjectProperty;158;0;;;;
StorageAccessManager.deleteObjectProperty;110;0;;;;
StorageAccessManager.deleteObjectProperty;164;0;;;;
StorageAccessManager.deleteObjectProperty;108;0;;;;
StorageAccessManager.deleteObjectProperty;122;0;;;;
StorageAccessManager.deleteObjectProperty;150;0;;;;
StorageAccessManager.deleteObjectProperty;104;0;;;;
StorageAccessManager.deleteObjectProperty;160;0;;;;
StorageAccessManager.deleteObjectProperty;106;0;;;;
StorageAccessManager.deleteObjectProperty;105;0;;;;
StorageAccessManager.deleteObjectProperty;154;0;;;;
StorageAccessManager.deleteObjectProperty;104;0;;;;
StorageAccessManager.deleteObjectProperty;144;0;;;;
StorageAccessManager.deleteObjectProperty;104;0;;;;
StorageAccessManager.deleteObjectProperty;220;151552;;;;
StorageAccessManager.deleteObjectProperty;162;-921600;;;;
StorageAccessManager.deleteObjectProperty;107;-81920;;;;
StorageAccessManager.deleteObjectProperty;154;-122880;;;;
StorageAccessManager.deleteObjectProperty;103;0;;;;
StorageAccessManager.deleteObjectProperty;202;368640;;;;
StorageAccessManager.deleteObjectProperty;104;0;;;;
StorageAccessManager.deleteObjectProperty;153;0;;;;
StorageAccessManager.deleteObjectProperty;107;0;;;;
StorageAccessManager.deleteObjectProperty;184;0;;;;
StorageAccessManager.deleteObjectProperty;105;0;;;;
StorageAccessManager.deleteObjectProperty;183;-61440;;;;
StorageAccessManager.deleteObjectProperty;104;0;;;;
StorageAccessManager.deleteObjectProperty;146;0;;;;
StorageAccessManager.deleteObjectProperty;105;0;;;;
StorageAccessManager.deleteObjectProperty;155;0;;;;
StorageAccessManager.deleteObjectProperty;109;-4096;;;;
StorageAccessManager.deleteObjectProperty;106;0;;;;
StorageAccessManager.deleteObjectProperty;157;0;;;;
StorageAccessManager.deleteObjectProperty;108;0;;;;
StorageAccessManager.deleteObjectProperty;109;0;;;;
StorageAccessManager.deleteObjectProperty;149;0;;;;
StorageAccessManager.deleteObjectProperty;102;0;;;;
StorageAccessManager.deleteObjectProperty;170;0;;;;
StorageAccessManager.deleteObjectProperty;102;0;;;;
StorageAccessManager.deleteObjectProperty;168;-4096;;;;
StorageAccessManager.deleteObjectProperty;110;0;;;;
StorageAccessManager.deleteObjectProperty;169;0;;;;
StorageAccessManager.deleteObjectProperty;105;-4096;;;;
StorageAccessManager.deleteObjectProperty;152;0;;;;
StorageAccessManager.deleteObjectProperty;154;0;;;;
StorageAccessManager.deleteObjectProperty;104;0;;;;
StorageAccessManager.deleteObjectProperty;151;0;;;;
StorageAccessManager.deleteObjectProperty;153;0;;;;
StorageAccessManager.deleteObjectProperty;106;0;;;;
StorageAccessManager.deleteObjectProperty;152;0;;;;
StorageAccessManager.deleteObjectProperty;154;0;;;;
StorageAccessManager.deleteObjectProperty;104;0;;;;
StorageAccessManager.deleteObjectProperty;153;0;;;;
StorageAccessManager.deleteObjectProperty;110;0;;;;
StorageAccessManager.deleteObjectProperty;106;0;;;;
StorageAccessManager.deleteObjectProperty;153;0;;;;
StorageAccessManager.deleteObjectProperty;101;-4096;;;;
StorageAccessManager.deleteObjectProperty;150;-8192;;;;
StorageAccessManager.deleteObjectProperty;103;0;;;;
StorageAccessManager.deleteObjectProperty;156;0;;;;
StorageAccessManager.deleteObjectProperty;103;0;;;;
StorageAccessManager.deleteObjectProperty;173;0;;;;
StorageAccessManager.deleteObjectProperty;103;0;;;;
StorageAccessManager.deleteObjectProperty;152;0;;;;
StorageAccessManager.deleteObjectProperty;170;0;;;;
StorageAccessManager.deleteObjectProperty;150;0;;;;
StorageAccessManager.deleteObjectProperty;149;0;;;;
StorageAccessManager.deleteObjectProperty;150;0;;;;
StorageAccessManager.deleteObjectProperty;147;0;;;;
StorageAccessManager.deleteObjectProperty;147;0;;;;
StorageAccessManager.deleteObjectProperty;150;0;;;;
StorageAccessManager.deleteObjectProperty;149;0;;;;
StorageAccessManager.deleteObjectProperty;149;0;;;;
StorageAccessManager.deleteObjectProperty;151;0;;;;
StorageAccessManager.deleteObjectProperty;150;0;;;;
StorageAccessManager.deleteObjectProperty;106;0;;;;
StorageAccessManager.deleteObjectProperty;151;0;;;;
StorageAccessManager.deleteObjectProperty;155;0;;;;
StorageAccessManager.deleteObjectProperty;102;0;;;;
StorageAccessManager.deleteObjectProperty;152;0;;;;
StorageAccessManager.deleteObjectProperty;154;0;;;;
StorageAccessManager.deleteObjectProperty;102;0;;;;
StorageAccessManager.deleteObjectProperty;154;0;;;;
StorageAccessManager.deleteObjectProperty;158;0;;;;
StorageAccessManager.deleteObjectProperty;101;0;;;;
StorageAccessManager.deleteObjectProperty;151;0;;;;
StorageAccessManager.deleteObjectProperty;99;0;;;;
StorageAccessManager.deleteObjectProperty;187;0;;;;
StorageAccessManager.deleteObjectProperty;99;0;;;;
StorageAccessManager.deleteObjectProperty;177;0;;;;
StorageAccessManager.deleteObjectProperty;101;0;;;;
StorageAccessManager.deleteObjectProperty;159;0;;;;
StorageAccessManager.deleteObjectProperty;102;0;;;;
StorageAccessManager.deleteObjectProperty;118;0;;;;
StorageAccessManager.deleteObjectProperty;143;0;;;;
StorageAccessManager.deleteObjectProperty;103;0;;;;
StorageAccessManager.deleteObjectProperty;160;0;;;;
StorageAccessManager.deleteObjectProperty;110;0;;;;
StorageAccessManager.deleteObjectProperty;159;184320;;;;
StorageAccessManager.deleteObjectProperty;100;0;;;;
StorageAccessManager.deleteObjectProperty;153;0;;;;
StorageAccessManager.deleteObjectProperty;151;0;;;;
StorageAccessManager.deleteObjectProperty;99;0;;;;
StorageAccessManager.deleteObjectProperty;151;0;;;;
StorageAccessManager.deleteObjectProperty;154;0;;;;
StorageAccessManager.deleteObjectProperty;99;0;;;;
StorageAccessManager.deleteObjectProperty;154;0;;;;
StorageAccessManager.deleteObjectProperty;153;0;;;;
StorageAccessManager.getAllPersons;454;1011712;;;;
StorageAccessManager.getAllPersons;199;126976;;;;
StorageAccessManager.getAllPersons;205;0;;;;
StorageAccessManager.getAllPersons;220;0;;;;
StorageAccessManager.getAllPersons;197;0;;;;
StorageAccessManager.getAllPersons;229;0;;;;
StorageAccessManager.getAllPersons;199;0;;;;
StorageAccessManager.getAllPersons;206;122880;;;;
StorageAccessManager.getAllPersons;195;0;;;;
StorageAccessManager.getAllPersons;200;0;;;;
StorageAccessManager.getDataProperty;203;0;;;;
StorageAccessManager.getDataProperty;204;-126976;;;;
StorageAccessManager.getDataProperty;139;0;;;;
StorageAccessManager.getDataProperty;185;-16384;;;;
StorageAccessManager.getDataProperty;141;4096;;;;
StorageAccessManager.getDataProperty;134;0;;;;
StorageAccessManager.getDataProperty;183;0;;;;
StorageAccessManager.getDataProperty;187;0;;;;
StorageAccessManager.getDataProperty;132;-8192;;;;
StorageAccessManager.getDataProperty;133;0;;;;
StorageAccessManager.getDataProperty;223;0;;;;
StorageAccessManager.getDataProperty;174;0;;;;
StorageAccessManager.getDataProperty;200;126976;;;;
StorageAccessManager.getDataProperty;138;126976;;;;
StorageAccessManager.getDataProperty;175;0;;;;
StorageAccessManager.getDataProperty;197;0;;;;
StorageAccessManager.getDataProperty;129;0;;;;
StorageAccessManager.getDataProperty;165;0;;;;
StorageAccessManager.getDataProperty;129;0;;;;
StorageAccessManager.getDataProperty;140;0;;;;
StorageAccessManager.getDataProperty;133;0;;;;
StorageAccessManager.getDataProperty;128;0;;;;
StorageAccessManager.getDataProperty;215;-126976;;;;
StorageAccessManager.getDataProperty;130;0;;;;
StorageAccessManager.getDataProperty;217;-122880;;;;
StorageAccessManager.getDataProperty;170;0;;;;
StorageAccessManager.getDataProperty;178;0;;;;
StorageAccessManager.getDataProperty;172;8192;;;;
StorageAccessManager.getDataProperty;180;0;;;;
StorageAccessManager.getDataProperty;176;61440;;;;
StorageAccessManager.getDataProperty;187;0;;;;
StorageAccessManager.getDataProperty;177;0;;;;
StorageAccessManager.getDataProperty;201;0;;;;
StorageAccessManager.getDataProperty;201;0;;;;
StorageAccessManager.getDataProperty;193;245760;;;;
StorageAccessManager.getDataProperty;195;0;;;;
StorageAccessManager.getDataProperty;181;0;;;;
StorageAccessManager.getDataProperty;197;0;;;;
StorageAccessManager.getDataProperty;124;0;;;;
StorageAccessManager.getDataProperty;129;0;;;;
StorageAccessManager.getDataProperty;128;0;;;;
StorageAccessManager.getDataProperty;126;0;;;;
StorageAccessManager.getDataProperty;143;0;;;;
StorageAccessManager.getDataProperty;129;0;;;;
StorageAccessManager.getDataProperty;208;0;;;;
StorageAccessManager.getDataProperty;166;8192;;;;
StorageAccessManager.getDataProperty;171;0;;;;
StorageAccessManager.getDataProperty;169;0;;;;
StorageAccessManager.getDataProperty;232;0;;;;
StorageAccessManager.getDataProperty;173;0;;;;
StorageAccessManager.getDataProperty;171;0;;;;
StorageAccessManager.getDataProperty;173;0;;;;
StorageAccessManager.getDataProperty;182;-184320;;;;
StorageAccessManager.getDataProperty;176;0;;;;
StorageAccessManager.getDataProperty;178;0;;;;
StorageAccessManager.getDataProperty;172;0;;;;
StorageAccessManager.getDataProperty;127;0;;;;
StorageAccessManager.getDataProperty;173;0;;;;
StorageAccessManager.getDataProperty;126;0;;;;
StorageAccessManager.getDataProperty;170;0;;;;
StorageAccessManager.getDataProperty;183;0;;;;
StorageAccessManager.getDataProperty;178;0;;;;
StorageAccessManager.getDataProperty;125;0;;;;
StorageAccessManager.getDataProperty;186;0;;;;
StorageAccessManager.getDataProperty;127;0;;;;
StorageAccessManager.getDataProperty;129;0;;;;
StorageAccessManager.getDataProperty;210;0;;;;
StorageAccessManager.getDataProperty;211;0;;;;
StorageAccessManager.getDataProperty;212;0;;;;
StorageAccessManager.getDataProperty;210;0;;;;
StorageAccessManager.getDataProperty;211;0;;;;
StorageAccessManager.getDataProperty;214;0;;;;
StorageAccessManager.getDataProperty;214;0;;;;
StorageAccessManager.getDataProperty;216;0;;;;
StorageAccessManager.getDataProperty;218;0;;;;
StorageAccessManager.getDataProperty;216;0;;;;
StorageAccessManager.getDataProperty;216;0;;;;
StorageAccessManager.getDataProperty;211;0;;;;
StorageAccessManager.getDataProperty;174;61440;;;;
StorageAccessManager.getDataProperty;173;0;;;;
StorageAccessManager.getDataProperty;172;0;;;;
StorageAccessManager.getDataProperty;172;0;;;;
StorageAccessManager.getDataProperty;169;0;;;;
StorageAccessManager.getDataProperty;173;0;;;;
StorageAccessManager.getDataProperty;174;0;;;;
StorageAccessManager.getDataProperty;173;0;;;;
StorageAccessManager.getDataProperty;173;0;;;;
StorageAccessManager.getDataProperty;184;0;;;;
StorageAccessManager.getDataProperty;166;0;;;;
StorageAccessManager.getDataProperty;167;0;;;;
StorageAccessManager.getDataProperty;170;0;;;;
StorageAccessManager.getDataProperty;127;0;;;;
StorageAccessManager.getDataProperty;181;0;;;;
StorageAccessManager.getDataProperty;183;0;;;;
StorageAccessManager.getDataProperty;177;0;;;;
StorageAccessManager.getDataProperty;125;0;;;;
StorageAccessManager.getDataProperty;178;0;;;;
StorageAccessManager.getDataProperty;179;0;;;;
StorageAccessManager.getDataProperty;177;0;;;;
StorageAccessManager.getDataProperty;168;0;;;;
StorageAccessManager.getDataProperty;179;0;;;;
StorageAccessManager.getDataProperty;175;0;;;;
StorageAccessManager.getDataProperty;169;0;;;;
StorageAccessManager.getDataProperty;171;0;;;;
StorageAccessManager.getDataProperty;219;0;;;;
StorageAccessManager.getDataProperty;172;-8192;;;;
StorageAccessManager.getDataProperty;172;0;;;;
StorageAccessManager.getDataProperty;174;0;;;;
StorageAccessManager.getDataProperty;170;0;;;;
StorageAccessManager.getDataProperty;175;0;;;;
StorageAccessManager.getMe;257;380928;;;;
StorageAccessManager.getMe;189;0;;;;
StorageAccessManager.getMe;170;0;;;;
StorageAccessManager.getMe;118;0;;;;
StorageAccessManager.getMe;205;-8192;;;;
StorageAccessManager.getMe;172;0;;;;
StorageAccessManager.getMe;208;0;;;;
StorageAccessManager.getMe;167;0;;;;
StorageAccessManager.getMe;170;0;;;;
StorageAccessManager.getMe;170;0;;;;
StorageAccessManager.getObjectProperty;258;507904;;;;
StorageAccessManager.getObjectProperty;208;0;;;;
StorageAccessManager.getObjectProperty;199;0;;;;
StorageAccessManager.getObjectProperty;195;0;;;;
StorageAccessManager.getObjectProperty;210;-253952;;;;
StorageAccessManager.getObjectProperty;208;253952;;;;
StorageAccessManager.getObjectProperty;187;0;;;;
StorageAccessManager.getObjectProperty;215;0;;;;
StorageAccessManager.getObjectProperty;223;0;;;;
StorageAccessManager.getObjectProperty;209;0;;;;
StorageAccessManager.getObjectProperty;140;0;;;;
StorageAccessManager.getObjectProperty;179;0;;;;
StorageAccessManager.getObjectProperty;219;0;;;;
StorageAccessManager.getObjectProperty;192;0;;;;
StorageAccessManager.getObjectProperty;142;0;;;;
StorageAccessManager.getObjectProperty;180;0;;;;
StorageAccessManager.getObjectProperty;194;0;;;;
StorageAccessManager.getObjectProperty;190;0;;;;
StorageAccessManager.getObjectProperty;220;126976;;;;
StorageAccessManager.getObjectProperty;186;0;;;;
StorageAccessManager.getObjectProperty;192;0;;;;
StorageAccessManager.getObjectProperty;184;0;;;;
StorageAccessManager.getObjectProperty;176;0;;;;
StorageAccessManager.getObjectProperty;182;0;;;;
StorageAccessManager.getObjectProperty;183;0;;;;
StorageAccessManager.getObjectProperty;183;8192;;;;
StorageAccessManager.getObjectProperty;177;0;;;;
StorageAccessManager.getObjectProperty;183;0;;;;
StorageAccessManager.getObjectProperty;187;0;;;;
StorageAccessManager.getObjectProperty;188;0;;;;
StorageAccessManager.getObjectProperty;189;0;;;;
StorageAccessManager.getObjectProperty;210;0;;;;
StorageAccessManager.getObjectProperty;189;0;;;;
StorageAccessManager.getObjectProperty;141;0;;;;
StorageAccessManager.getObjectProperty;124;0;;;;
StorageAccessManager.getObjectProperty;155;0;;;;
StorageAccessManager.getObjectProperty;134;0;;;;
StorageAccessManager.getObjectProperty;178;0;;;;
StorageAccessManager.getObjectProperty;181;0;;;;
StorageAccessManager.getObjectProperty;188;0;;;;
StorageAccessManager.getObjectProperty;184;0;;;;
StorageAccessManager.getObjectProperty;185;0;;;;
StorageAccessManager.getObjectProperty;190;0;;;;
StorageAccessManager.getObjectProperty;184;0;;;;
StorageAccessManager.getObjectProperty;170;0;;;;
StorageAccessManager.getObjectProperty;191;-307200;;;;
StorageAccessManager.getObjectProperty;219;0;;;;
StorageAccessManager.getObjectProperty;180;0;;;;
StorageAccessManager.getObjectProperty;177;0;;;;
StorageAccessManager.getObjectProperty;222;0;;;;
StorageAccessManager.getObjectProperty;183;0;;;;
StorageAccessManager.getObjectProperty;182;0;;;;
StorageAccessManager.getObjectProperty;232;0;;;;
StorageAccessManager.getObjectProperty;188;0;;;;
StorageAccessManager.getObjectProperty;185;0;;;;
StorageAccessManager.getObjectProperty;174;0;;;;
StorageAccessManager.getObjectProperty;195;0;;;;
StorageAccessManager.getObjectProperty;181;0;;;;
StorageAccessManager.getObjectProperty;178;0;;;;
StorageAccessManager.getObjectProperty;176;0;;;;
StorageAccessManager.getObjectProperty;183;0;;;;
StorageAccessManager.getObjectProperty;184;0;;;;
StorageAccessManager.getObjectProperty;185;0;;;;
StorageAccessManager.getObjectProperty;197;0;;;;
StorageAccessManager.getObjectProperty;186;0;;;;
StorageAccessManager.getObjectProperty;223;368640;;;;
StorageAccessManager.getObjectProperty;212;61440;;;;
StorageAccessManager.getObjectProperty;215;0;;;;
StorageAccessManager.getObjectProperty;221;0;;;;
StorageAccessManager.getObjectProperty;221;0;;;;
StorageAccessManager.getObjectProperty;216;0;;;;
StorageAccessManager.getObjectProperty;222;0;;;;
StorageAccessManager.getObjectProperty;233;0;;;;
StorageAccessManager.getObjectProperty;229;0;;;;
StorageAccessManager.getObjectProperty;232;-61440;;;;
StorageAccessManager.getObjectProperty;226;0;;;;
StorageAccessManager.getObjectProperty;227;-4096;;;;
StorageAccessManager.getObjectProperty;206;0;;;;
StorageAccessManager.getObjectProperty;175;-24576;;;;
StorageAccessManager.getObjectProperty;224;-4096;;;;
StorageAccessManager.getObjectProperty;178;0;;;;
StorageAccessManager.getObjectProperty;176;0;;;;
StorageAccessManager.getObjectProperty;224;0;;;;
StorageAccessManager.getObjectProperty;182;0;;;;
StorageAccessManager.getObjectProperty;193;0;;;;
StorageAccessManager.getObjectProperty;228;0;;;;
StorageAccessManager.getObjectProperty;184;0;;;;
StorageAccessManager.getObjectProperty;188;0;;;;
StorageAccessManager.getObjectProperty;169;0;;;;
StorageAccessManager.getObjectProperty;171;0;;;;
StorageAccessManager.getObjectProperty;181;0;;;;
StorageAccessManager.getObjectProperty;181;0;;;;
StorageAccessManager.getObjectProperty;180;0;;;;
StorageAccessManager.getObjectProperty;183;0;;;;
StorageAccessManager.getObjectProperty;185;0;;;;
StorageAccessManager.getObjectProperty;183;0;;;;
StorageAccessManager.getObjectProperty;188;0;;;;
StorageAccessManager.getObjectProperty;194;-4096;;;;
StorageAccessManager.getObjectProperty;187;0;;;;
StorageAccessManager.getObjectProperty;171;0;;;;
StorageAccessManager.getObjectProperty;213;0;;;;
StorageAccessManager.getObjectProperty;177;0;;;;
StorageAccessManager.getObjectProperty;180;0;;;;
StorageAccessManager.getObjectProperty;219;0;;;;
StorageAccessManager.getObjectProperty;182;0;;;;
StorageAccessManager.getObjectProperty;187;0;;;;
StorageAccessManager.getObjectProperty;224;0;;;;
StorageAccessManager.getObjectProperty;183;-4096;;;;
StorageAccessManager.getObjectProperty;185;0;;;;
StorageAccessManager.getObjectProperty;229;0;;;;
StorageAccessManager.getPersonByUserId;255;380928;;;;
StorageAccessManager.getPersonByUserId;230;0;;;;
StorageAccessManager.getPersonByUserId;200;126976;;;;
StorageAccessManager.getPersonByUserId;194;0;;;;
StorageAccessManager.getPersonByUserId;182;253952;;;;
StorageAccessManager.getPersonByUserId;172;4096;;;;
StorageAccessManager.getPersonByUserId;199;0;;;;
StorageAccessManager.getPersonByUserId;173;0;;;;
StorageAccessManager.getPersonByUserId;127;0;;;;
StorageAccessManager.getPersonByUserId;175;0;;;;
StorageAccessManager.getPersonByUserId;191;0;;;;
StorageAccessManager.getPersonByUserId;187;0;;;;
StorageAccessManager.getPersonByUserId;188;0;;;;
StorageAccessManager.getPersonByUserId;147;0;;;;
StorageAccessManager.getPersonByUserId;131;0;;;;
StorageAccessManager.getPersonByUserId;172;0;;;;
StorageAccessManager.getPersonByUserId;181;0;;;;
StorageAccessManager.getPersonByUserId;132;0;;;;
StorageAccessManager.getPersonByUserId;176;0;;;;
StorageAccessManager.getPersonByUserId;167;0;;;;
StorageAccessManager.getPersonByUserId;172;0;;;;
StorageAccessManager.getPersonByUserId;195;0;;;;
StorageAccessManager.getPersonByUserId;170;0;;;;
StorageAccessManager.getPersonByUserId;180;0;;;;
StorageAccessManager.getPersonByUserId;169;0;;;;
StorageAccessManager.getPersonByUserId;167;0;;;;
StorageAccessManager.getPersonByUserId;165;0;;;;
StorageAccessManager.getPersonByUserId;168;192512;;;;
StorageAccessManager.getPersonByUserId;172;0;;;;
StorageAccessManager.getPersonByUserId;172;0;;;;
StorageAccessManager.getPersonByUserId;167;0;;;;
StorageAccessManager.getPersonByUserId;174;-12288;;;;
StorageAccessManager.getPersonByUserId;124;0;;;;
StorageAccessManager.getPersonByUserId;126;0;;;;
StorageAccessManager.getPersonByUserId;126;0;;;;
StorageAccessManager.getPersonByUserId;123;0;;;;
StorageAccessManager.getPersonByUserId;117;0;;;;
StorageAccessManager.getPersonByUserId;166;0;;;;
StorageAccessManager.getPersonByUserId;163;0;;;;
StorageAccessManager.getPersonByUserId;169;0;;;;
StorageAccessManager.getPersonByUserId;167;0;;;;
StorageAccessManager.getPersonByUserId;138;0;;;;
StorageAccessManager.getPersonByUserId;172;0;;;;
StorageAccessManager.getPersonByUserId;172;0;;;;
StorageAccessManager.getPersonByUserId;178;0;;;;
StorageAccessManager.getPersonByUserId;183;0;;;;
StorageAccessManager.getPersonByUserId;197;122880;;;;
StorageAccessManager.getPersonByUserId;219;0;;;;
StorageAccessManager.getPersonByUserId;204;-8192;;;;
StorageAccessManager.getPersonByUserId;166;0;;;;
StorageAccessManager.getPersonByUserId;205;0;;;;
StorageAccessManager.getPersonByUserId;164;0;;;;
StorageAccessManager.getPersonByUserId;168;0;;;;
StorageAccessManager.getPersonByUserId;207;0;;;;
StorageAccessManager.getPersonByUserId;166;0;;;;
StorageAccessManager.getPersonByUserId;175;0;;;;
StorageAccessManager.getPersonByUserId;212;0;;;;
StorageAccessManager.getPersonByUserId;170;0;;;;
StorageAccessManager.getPersonByUserId;171;0;;;;
StorageAccessManager.getPersonByUserId;226;0;;;;
StorageAccessManager.getPersonByUserId;170;0;;;;
StorageAccessManager.getPersonByUserId;163;0;;;;
StorageAccessManager.getPersonByUserId;173;0;;;;
StorageAccessManager.getPersonByUserId;165;0;;;;
StorageAccessManager.getPersonByUserId;174;0;;;;
StorageAccessManager.getPersonByUserId;168;0;;;;
StorageAccessManager.getPersonByUserId;173;0;;;;
StorageAccessManager.getPersonByUserId;173;0;;;;
StorageAccessManager.getPersonByUserId;172;0;;;;
StorageAccessManager.getPersonByUserId;126;0;;;;
StorageAccessManager.getPersonByUserId;176;0;;;;
StorageAccessManager.getPersonByUserId;189;0;;;;
StorageAccessManager.getPersonByUserId;207;0;;;;
StorageAccessManager.getPersonByUserId;203;0;;;;
StorageAccessManager.getPersonByUserId;207;0;;;;
StorageAccessManager.getPersonByUserId;205;0;;;;
StorageAccessManager.getPersonByUserId;208;0;;;;
StorageAccessManager.getPersonByUserId;208;0;;;;
StorageAccessManager.getPersonByUserId;208;0;;;;
StorageAccessManager.getPersonByUserId;211;0;;;;
StorageAccessManager.getPersonByUserId;210;0;;;;
StorageAccessManager.getPersonByUserId;213;0;;;;
StorageAccessManager.getPersonByUserId;213;0;;;;
StorageAccessManager.getPersonByUserId;222;0;;;;
StorageAccessManager.getPersonByUserId;166;0;;;;
StorageAccessManager.getPersonByUserId;168;0;;;;
StorageAccessManager.getPersonByUserId;224;81920;;;;
StorageAccessManager.getPersonByUserId;170;0;;;;
StorageAccessManager.getPersonByUserId;185;0;;;;
StorageAccessManager.getPersonByUserId;207;0;;;;
StorageAccessManager.getPersonByUserId;168;0;;;;
StorageAccessManager.getPersonByUserId;170;0;;;;
StorageAccessManager.getPersonByUserId;228;61440;;;;
StorageAccessManager.getPersonByUserId;173;0;;;;
StorageAccessManager.getPersonByUserId;173;0;;;;
StorageAccessManager.getPersonByUserId;215;-4096;;;;
StorageAccessManager.getPersonByUserId;169;0;;;;
StorageAccessManager.getPersonByUserId;167;0;;;;
StorageAccessManager.getPersonByUserId;168;0;;;;
StorageAccessManager.getPersonByUserId;168;0;;;;
StorageAccessManager.getPersonByUserId;167;0;;;;
StorageAccessManager.getPersonByUserId;171;0;;;;
StorageAccessManager.getPersonByUserId;169;0;;;;
StorageAccessManager.getPersonByUserId;172;0;;;;
StorageAccessManager.getPersonByUserId;177;0;;;;
StorageAccessManager.getPersonByUserId;124;0;;;;
StorageAccessManager.getPersonByUserId;124;0;;;;
StorageAccessManager.getPersonByUserId;120;0;;;;
StorageAccessManager.getPersonByUserId;168;0;;;;
StorageAccessManager.getPersonByUserId;203;0;;;;
StorageAccessManager.getPersonByUserId;163;0;;;;
StorageAccessManager.getPersonByUserId;166;-4096;;;;
StorageAccessManager.getPersonByUserId;207;0;;;;
StorageAccessManager.getPersonByUserId;168;0;;;;
StorageAccessManager.getPersonByUserId;171;0;;;;
StorageAccessManager.getPersonByUserId;218;0;;;;
StorageAccessManager.getPersonByUserId;178;8192;;;;
StorageAccessManager.getPersonByUserId;171;0;;;;
StorageAccessManager.getPersonByUserId;211;0;;;;
StorageAccessManager.getPersonByUserId;252;-122880;;;;
StorageAccessManager.getPropertyNode;9;0;;;;
StorageAccessManager.getPropertyNode;3;0;;;;
StorageAccessManager.getPropertyNode;2;0;;;;
StorageAccessManager.getPropertyNode;2;0;;;;
StorageAccessManager.getPropertyNode;0;0;;;;
StorageAccessManager.getPropertyNode;1;0;;;;
StorageAccessManager.getPropertyNode;1;0;;;;
StorageAccessManager.getPropertyNode;1;0;;;;
StorageAccessManager.getPropertyNode;1;0;;;;
StorageAccessManager.getPropertyNode;1;0;;;;
StorageAccessManager.getPropertyNode;1;0;;;;
StorageAccessManager.getPropertyNode;1;0;;;;
StorageAccessManager.getPropertyNode;1;0;;;;
StorageAccessManager.getPropertyNode;0;0;;;;
StorageAccessManager.getPropertyNode;1;0;;;;
StorageAccessManager.getPropertyNode;0;0;;;;
StorageAccessManager.getPropertyNode;0;0;;;;
StorageAccessManager.getPropertyNode;1;0;;;;
StorageAccessManager.getPropertyNode;0;0;;;;
StorageAccessManager.getPropertyNode;1;0;;;;
StorageAccessManager.getPropertyNode;1;0;;;;
StorageAccessManager.getPropertyNode;1;0;;;;
StorageAccessManager.getPropertyNode;1;0;;;;
StorageAccessManager.getPropertyNode;0;0;;;;
StorageAccessManager.getPropertyNode;1;0;;;;
StorageAccessManager.getPropertyNode;1;0;;;;
StorageAccessManager.getPropertyNode;0;0;;;;
StorageAccessManager.getPropertyNode;1;0;;;;
StorageAccessManager.getPropertyNode;1;0;;;;
StorageAccessManager.getPropertyNode;1;0;;;;
StorageAccessManager.getPropertyNode;1;0;;;;
StorageAccessManager.getPropertyNode;0;0;;;;
StorageAccessManager.getPropertyNode;1;0;;;;
StorageAccessManager.getPropertyNode;1;0;;;;
StorageAccessManager.getPropertyNode;0;0;;;;
StorageAccessManager.getPropertyNode;0;0;;;;
StorageAccessManager.getPropertyNode;2;0;;;;
StorageAccessManager.getPropertyNode;1;0;;;;
StorageAccessManager.getPropertyNode;1;0;;;;
StorageAccessManager.getPropertyNode;0;0;;;;
StorageAccessManager.getPropertyNode;1;0;;;;
StorageAccessManager.getPropertyNode;0;0;;;;
StorageAccessManager.getPropertyNode;1;0;;;;
StorageAccessManager.getPropertyNode;1;0;;;;
StorageAccessManager.getPropertyNode;1;0;;;;
StorageAccessManager.getPropertyNode;1;0;;;;
StorageAccessManager.getPropertyNode;2;126976;;;;
StorageAccessManager.getPropertyNode;2;0;;;;
StorageAccessManager.getPropertyNode;2;0;;;;
StorageAccessManager.getPropertyNode;5;0;;;;
StorageAccessManager.getPropertyNode;0;0;;;;
StorageAccessManager.getPropertyNode;0;0;;;;
StorageAccessManager.getPropertyNode;1;0;;;;
StorageAccessManager.getPropertyNode;1;0;;;;
StorageAccessManager.getPropertyNode;1;0;;;;
StorageAccessManager.getPropertyNode;1;0;;;;
StorageAccessManager.getPropertyNode;0;0;;;;
StorageAccessManager.getPropertyNode;1;0;;;;
StorageAccessManager.getPropertyNode;0;0;;;;
StorageAccessManager.getPropertyNode;1;0;;;;
StorageAccessManager.getPropertyNode;1;0;;;;
StorageAccessManager.getPropertyNode;0;0;;;;
StorageAccessManager.getPropertyNode;1;0;;;;
StorageAccessManager.getPropertyNode;0;0;;;;
StorageAccessManager.getPropertyNode;1;0;;;;
StorageAccessManager.getPropertyNode;1;0;;;;
StorageAccessManager.getPropertyNode;0;0;;;;
StorageAccessManager.getPropertyNode;0;0;;;;
StorageAccessManager.getPropertyNode;1;0;;;;
StorageAccessManager.getPropertyNode;0;0;;;;
StorageAccessManager.getPropertyNode;1;0;;;;
StorageAccessManager.getPropertyNode;1;0;;;;
StorageAccessManager.getPropertyNode;0;0;;;;
StorageAccessManager.getPropertyNode;1;0;;;;
StorageAccessManager.getPropertyNode;0;0;;;;
StorageAccessManager.getPropertyNode;1;0;;;;
StorageAccessManager.getPropertyNode;0;0;;;;
StorageAccessManager.getPropertyNode;0;0;;;;
StorageAccessManager.getPropertyNode;1;0;;;;
StorageAccessManager.getPropertyNode;1;0;;;;
StorageAccessManager.getPropertyNode;1;0;;;;
StorageAccessManager.getPropertyNode;1;0;;;;
StorageAccessManager.getPropertyNode;1;0;;;;
StorageAccessManager.getPropertyNode;1;0;;;;
StorageAccessManager.getPropertyNode;1;0;;;;
StorageAccessManager.getPropertyNode;1;0;;;;
StorageAccessManager.getPropertyNode;0;0;;;;
StorageAccessManager.getPropertyNode;0;0;;;;
StorageAccessManager.getPropertyNode;0;0;;;;
StorageAccessManager.getPropertyNode;1;0;;;;
StorageAccessManager.getPropertyNode;0;0;;;;
StorageAccessManager.getPropertyNode;0;0;;;;
StorageAccessManager.getPropertyNode;2;0;;;;
StorageAccessManager.getPropertyNode;2;0;;;;
StorageAccessManager.getPropertyNode;1;0;;;;
StorageAccessManager.getPropertyNode;2;0;;;;
StorageAccessManager.getPropertyNode;1;0;;;;
StorageAccessManager.getPropertyNode;0;0;;;;
StorageAccessManager.getPropertyNode;0;0;;;;
StorageAccessManager.getPropertyNode;0;0;;;;
StorageAccessManager.getPropertyNode;1;0;;;;
StorageAccessManager.getPropertyNode;1;0;;;;
StorageAccessManager.getPropertyNode;0;0;;;;
StorageAccessManager.getPropertyNode;1;0;;;;
StorageAccessManager.getPropertyNode;0;0;;;;
StorageAccessManager.getPropertyNode;0;0;;;;
StorageAccessManager.getPropertyNode;0;0;;;;
StorageAccessManager.getPropertyNode;0;0;;;;
StorageAccessManager.getPropertyNode;1;0;;;;
StorageAccessManager.getPropertyNode;0;0;;;;
StorageAccessManager.getPropertyNode;0;0;;;;
StorageAccessManager.getPropertyNode;0;0;;;;
StorageAccessManager.getPropertyNode;1;0;;;;
StorageAccessManager.getPropertyNode;1;0;;;;
StorageAccessManager.getPropertyNode;1;0;;;;
StorageAccessManager.getPropertyNode;1;0;;;;
StorageAccessManager.getPropertyNode;1;0;;;;
StorageAccessManager.getPropertyNode;0;0;;;;
StorageAccessManager.getPropertyNode;1;0;;;;
StorageAccessManager.getPropertyNode;1;0;;;;
StorageAccessManager.getPropertyNode;0;0;;;;
StorageAccessManager.getPropertyNode;0;0;;;;
StorageAccessManager.getPropertyNode;1;0;;;;
StorageAccessManager.getPropertyNode;0;0;;;;
StorageAccessManager.getPropertyNode;1;0;;;;
StorageAccessManager.getPropertyNode;0;0;;;;
StorageAccessManager.getPropertyNode;1;0;;;;
StorageAccessManager.getPropertyNode;1;0;;;;
StorageAccessManager.getPropertyNode;0;0;;;;
StorageAccessManager.getPropertyNode;1;0;;;;
StorageAccessManager.getPropertyNode;1;0;;;;
StorageAccessManager.getPropertyNode;1;0;;;;
StorageAccessManager.getPropertyNode;0;0;;;;
StorageAccessManager.getPropertyNode;1;0;;;;
StorageAccessManager.getPropertyNode;0;0;;;;
StorageAccessManager.getPropertyNode;1;0;;;;
StorageAccessManager.getPropertyNode;1;0;;;;
StorageAccessManager.getPropertyNode;0;0;;;;
StorageAccessManager.getPropertyNode;2;0;;;;
StorageAccessManager.getPropertyNode;2;0;;;;
StorageAccessManager.getPropertyNode;2;0;;;;
StorageAccessManager.getPropertyNode;2;0;;;;
StorageAccessManager.getPropertyNode;1;0;;;;
StorageAccessManager.getPropertyNode;1;0;;;;
StorageAccessManager.getPropertyNode;1;0;;;;
StorageAccessManager.getPropertyNode;1;0;;;;
StorageAccessManager.getPropertyNode;1;0;;;;
StorageAccessManager.getPropertyNode;1;0;;;;
StorageAccessManager.getPropertyNode;1;0;;;;
StorageAccessManager.getPropertyNode;1;0;;;;
StorageAccessManager.getPropertyNode;1;0;;;;
StorageAccessManager.getPropertyNode;0;0;;;;
StorageAccessManager.getPropertyNode;0;0;;;;
StorageAccessManager.getPropertyNode;1;0;;;;
StorageAccessManager.getPropertyNode;0;0;;;;
StorageAccessManager.getPropertyNode;1;0;;;;
StorageAccessManager.getPropertyNode;1;0;;;;
StorageAccessManager.getPropertyNode;1;0;;;;
StorageAccessManager.getPropertyNode;0;0;;;;
StorageAccessManager.getPropertyNode;1;0;;;;
StorageAccessManager.getPropertyNode;0;0;;;;
StorageAccessManager.getPropertyNode;0;0;;;;
StorageAccessManager.getPropertyNode;1;0;;;;
StorageAccessManager.getPropertyNode;0;0;;;;
StorageAccessManager.getPropertyNode;1;0;;;;
StorageAccessManager.getPropertyNode;1;0;;;;
StorageAccessManager.getPropertyNode;0;0;;;;
StorageAccessManager.getPropertyNode;0;0;;;;
StorageAccessManager.getPropertyNode;1;0;;;;
StorageAccessManager.getPropertyNode;1;0;;;;
StorageAccessManager.getPropertyNode;1;0;;;;
StorageAccessManager.getPropertyNode;1;0;;;;
StorageAccessManager.getPropertyNode;1;0;;;;
StorageAccessManager.getPropertyNode;1;0;;;;
StorageAccessManager.getPropertyNode;0;0;;;;
StorageAccessManager.getPropertyNode;1;0;;;;
StorageAccessManager.getPropertyNode;1;0;;;;
StorageAccessManager.getPropertyNode;1;0;;;;
StorageAccessManager.getPropertyNode;1;0;;;;
StorageAccessManager.getPropertyNode;1;0;;;;
StorageAccessManager.getPropertyNode;1;0;;;;
StorageAccessManager.getPropertyNode;1;0;;;;
StorageAccessManager.getPropertyNode;0;0;;;;
StorageAccessManager.getPropertyNode;1;0;;;;
StorageAccessManager.getPropertyNode;4;0;;;;
StorageAccessManager.getPropertyNode;2;0;;;;
StorageAccessManager.getPropertyNode;2;0;;;;
StorageAccessManager.getPropertyNode;1;0;;;;
StorageAccessManager.getPropertyNode;1;0;;;;
StorageAccessManager.getPropertyNode;1;0;;;;
StorageAccessManager.getPropertyNode;0;0;;;;
StorageAccessManager.getPropertyNode;1;0;;;;
StorageAccessManager.getPropertyNode;0;0;;;;
StorageAccessManager.getPropertyNode;1;0;;;;
StorageAccessManager.getPropertyNode;1;0;;;;
StorageAccessManager.getPropertyNode;1;0;;;;
StorageAccessManager.getPropertyNode;1;0;;;;
StorageAccessManager.getPropertyNode;1;0;;;;
StorageAccessManager.getPropertyNode;0;0;;;;
StorageAccessManager.getPropertyNode;0;0;;;;
StorageAccessManager.getPropertyNode;1;0;;;;
StorageAccessManager.getPropertyNode;0;0;;;;
StorageAccessManager.getPropertyNode;1;0;;;;
StorageAccessManager.getPropertyNode;0;0;;;;
StorageAccessManager.getPropertyNode;1;0;;;;
StorageAccessManager.getPropertyNode;0;0;;;;
StorageAccessManager.getPropertyNode;0;0;;;;
StorageAccessManager.getPropertyNode;1;0;;;;
StorageAccessManager.getPropertyNode;1;0;;;;
StorageAccessManager.getPropertyNode;0;0;;;;
StorageAccessManager.getPropertyNode;1;0;;;;
StorageAccessManager.getPropertyNode;1;0;;;;
StorageAccessManager.getPropertyNode;0;0;;;;
StorageAccessManager.getPropertyNode;0;0;;;;
StorageAccessManager.getPropertyNode;1;0;;;;
StorageAccessManager.getPropertyNode;1;0;;;;
StorageAccessManager.getPropertyNode;1;0;;;;
StorageAccessManager.getPropertyNode;1;0;;;;
StorageAccessManager.getPropertyNode;0;0;;;;
StorageAccessManager.getPropertyNode;1;0;;;;
StorageAccessManager.getPropertyNode;1;0;;;;
StorageAccessManager.getPropertyNode;0;0;;;;
StorageAccessManager.getPropertyNode;1;0;;;;
StorageAccessManager.getPropertyNode;1;0;;;;
StorageAccessManager.getPropertyNode;2;0;;;;
StorageAccessManager.getPropertyNode;0;0;;;;
StorageAccessManager.getPropertyNode;0;0;;;;
StorageAccessManager.getPropertyNode;0;0;;;;
StorageAccessManager.getPropertyNode;1;0;;;;
StorageAccessManager.getPropertyNode;1;0;;;;
StorageAccessManager.getPropertyNode;2;0;;;;
StorageAccessManager.getPropertyNode;2;0;;;;
StorageAccessManager.getPropertyNode;1;0;;;;
StorageAccessManager.getPropertyNode;2;0;;;;
StorageAccessManager.getPropertyNode;1;0;;;;
StorageAccessManager.getPropertyNode;1;0;;;;
StorageAccessManager.getPropertyNode;1;0;;;;
StorageAccessManager.getPropertyNode;1;0;;;;
StorageAccessManager.getPropertyNode;1;0;;;;
StorageAccessManager.getPropertyNode;1;0;;;;
StorageAccessManager.getPropertyNode;0;0;;;;
StorageAccessManager.getPropertyNode;1;0;;;;
StorageAccessManager.getPropertyNode;1;0;;;;
StorageAccessManager.getPropertyNode;0;0;;;;
StorageAccessManager.getPropertyNode;1;0;;;;
StorageAccessManager.getPropertyNode;1;0;;;;
StorageAccessManager.getPropertyNode;1;0;;;;
StorageAccessManager.getPropertyNode;1;0;;;;
StorageAccessManager.getPropertyNode;1;0;;;;
StorageAccessManager.getPropertyNode;0;0;;;;
StorageAccessManager.getPropertyNode;0;0;;;;
StorageAccessManager.getPropertyNode;0;0;;;;
StorageAccessManager.getPropertyNode;1;0;;;;
StorageAccessManager.getPropertyNode;0;0;;;;
StorageAccessManager.getPropertyNode;0;0;;;;
StorageAccessManager.getPropertyNode;1;0;;;;
StorageAccessManager.getPropertyNode;0;0;;;;
StorageAccessManager.getPropertyNode;1;0;;;;
StorageAccessManager.getPropertyNode;1;0;;;;
StorageAccessManager.getPropertyNode;1;0;;;;
StorageAccessManager.getPropertyNode;0;0;;;;
StorageAccessManager.getPropertyNode;0;0;;;;
StorageAccessManager.getPropertyNode;1;0;;;;
StorageAccessManager.getPropertyNode;0;0;;;;
StorageAccessManager.getPropertyNode;0;0;;;;
StorageAccessManager.getPropertyNode;0;0;;;;
StorageAccessManager.getPropertyNode;1;0;;;;
StorageAccessManager.getPropertyNode;1;0;;;;
StorageAccessManager.getPropertyNode;2;0;;;;
StorageAccessManager.getPropertyNode;2;0;;;;
StorageAccessManager.getPropertyNode;0;0;;;;
StorageAccessManager.getPropertyNode;1;0;;;;
StorageAccessManager.getPropertyNode;0;0;;;;
StorageAccessManager.getPropertyNode;1;0;;;;
StorageAccessManager.getPropertyNode;1;0;;;;
StorageAccessManager.getPropertyNode;1;0;;;;
StorageAccessManager.getPropertyNode;2;0;;;;
StorageAccessManager.getPropertyNode;2;0;;;;
StorageAccessManager.getPropertyNode;2;0;;;;
StorageAccessManager.getPropertyNode;2;0;;;;
StorageAccessManager.getPropertyNode;1;0;;;;
StorageAccessManager.getPropertyNode;0;0;;;;
StorageAccessManager.getPropertyNode;0;0;;;;
StorageAccessManager.getPropertyNode;1;0;;;;
StorageAccessManager.getPropertyNode;0;0;;;;
StorageAccessManager.getPropertyNode;0;0;;;;
StorageAccessManager.getPropertyNode;1;0;;;;
StorageAccessManager.getPropertyNode;1;0;;;;
StorageAccessManager.getPropertyNode;1;0;;;;
StorageAccessManager.getPropertyNode;1;0;;;;
StorageAccessManager.getPropertyNode;1;0;;;;
StorageAccessManager.getPropertyNode;1;0;;;;
StorageAccessManager.getPropertyNode;1;0;;;;
StorageAccessManager.getPropertyNode;1;0;;;;
StorageAccessManager.getPropertyNode;1;0;;;;
StorageAccessManager.getPropertyNode;0;0;;;;
StorageAccessManager.getPropertyNode;1;0;;;;
StorageAccessManager.getPropertyNode;1;0;;;;
StorageAccessManager.getPropertyNode;0;0;;;;
StorageAccessManager.getPropertyNode;1;0;;;;
StorageAccessManager.getPropertyNode;1;0;;;;
StorageAccessManager.getPropertyNode;1;0;;;;
StorageAccessManager.getPropertyNode;0;0;;;;
StorageAccessManager.getPropertyNode;1;0;;;;
StorageAccessManager.getPropertyNode;1;0;;;;
StorageAccessManager.getPropertyNode;1;0;;;;
StorageAccessManager.getPropertyNode;1;0;;;;
StorageAccessManager.getPropertyNode;0;0;;;;
StorageAccessManager.getPropertyNode;0;0;;;;
StorageAccessManager.getPropertyNode;0;0;;;;
StorageAccessManager.getPropertyNode;1;0;;;;
StorageAccessManager.getPropertyNode;1;0;;;;
StorageAccessManager.getPropertyNode;1;0;;;;
StorageAccessManager.getPropertyNode;1;0;;;;
StorageAccessManager.getPropertyNode;0;0;;;;
StorageAccessManager.getPropertyNode;0;0;;;;
StorageAccessManager.getPropertyNode;1;0;;;;
StorageAccessManager.getPropertyNode;0;0;;;;
StorageAccessManager.getPropertyNode;1;0;;;;
StorageAccessManager.getPropertyNode;1;0;;;;
StorageAccessManager.getPropertyNode;0;0;;;;
StorageAccessManager.getPropertyNode;0;0;;;;
StorageAccessManager.getPropertyNode;2;0;;;;
StorageAccessManager.getPropertyNode;1;0;;;;
StorageAccessManager.getPropertyNode;2;0;;;;
StorageAccessManager.getPropertyNode;2;0;;;;
StorageAccessManager.getPropertyNode;1;0;;;;
StorageAccessManager.getPropertyNode;0;0;;;;
StorageAccessManager.getPropertyNode;1;0;;;;
StorageAccessManager.getPropertyNode;1;0;;;;
StorageAccessManager.getPropertyNode;1;0;;;;
StorageAccessManager.getPropertyNode;1;0;;;;
StorageAccessManager.getPropertyNode;1;0;;;;
StorageAccessManager.getPropertyNode;1;0;;;;
StorageAccessManager.getPropertyNode;0;0;;;;
StorageAccessManager.getPropertyNode;1;0;;;;
StorageAccessManager.getPropertyNode;1;0;;;;
StorageAccessManager.getPropertyNode;1;0;;;;
StorageAccessManager.getPropertyNode;1;0;;;;
StorageAccessManager.getPropertyNode;1;0;;;;
StorageAccessManager.getPropertyNode;0;0;;;;
StorageAccessManager.getPropertyNode;1;0;;;;
StorageAccessManager.getPropertyNode;0;0;;;;
StorageAccessManager.getPropertyNode;0;0;;;;
StorageAccessManager.getPropertyNode;0;0;;;;
StorageAccessManager.getPropertyNode;0;0;;;;
StorageAccessManager.getPropertyNode;1;0;;;;
StorageAccessManager.getPropertyNode;0;0;;;;
StorageAccessManager.getPropertyNode;1;0;;;;
StorageAccessManager.getPropertyNode;1;0;;;;
StorageAccessManager.getPropertyNode;1;0;;;;
StorageAccessManager.getPropertyNode;1;0;;;;
StorageAccessManager.getPropertyNode;1;0;;;;
StorageAccessManager.getPropertyNode;0;0;;;;
StorageAccessManager.getPropertyNode;1;0;;;;
StorageAccessManager.getPropertyNode;0;0;;;;
StorageAccessManager.getPropertyNode;1;0;;;;
StorageAccessManager.getPropertyNode;1;0;;;;
StorageAccessManager.getPropertyNode;1;0;;;;
StorageAccessManager.getPropertyNode;1;0;;;;
StorageAccessManager.getPropertyNode;1;0;;;;
StorageAccessManager.getPropertyNode;1;0;;;;
StorageAccessManager.getPropertyNode;0;0;;;;
StorageAccessManager.getPropertyNode;0;0;;;;
StorageAccessManager.getPropertyNode;1;0;;;;
StorageAccessManager.getPropertyNode;1;0;;;;
StorageAccessManager.getPropertyNode;1;0;;;;
StorageAccessManager.getPropertyNode;0;0;;;;
StorageAccessManager.getPropertyNode;2;0;;;;
StorageAccessManager.getPropertyNode;2;0;;;;
StorageAccessManager.getPropertyNode;2;0;;;;
StorageAccessManager.getPropertyNode;2;0;;;;
StorageAccessManager.getPropertyNode;1;0;;;;
StorageAccessManager.getPropertyNode;1;0;;;;
StorageAccessManager.getPropertyNode;1;0;;;;
StorageAccessManager.getPropertyNode;0;0;;;;
StorageAccessManager.getPropertyNode;1;0;;;;
StorageAccessManager.getPropertyNode;0;0;;;;
StorageAccessManager.getPropertyNode;1;0;;;;
StorageAccessManager.getPropertyNode;0;0;;;;
StorageAccessManager.getPropertyNode;0;0;;;;
StorageAccessManager.getPropertyNode;0;0;;;;
StorageAccessManager.getPropertyNode;1;0;;;;
StorageAccessManager.getPropertyNode;1;0;;;;
StorageAccessManager.getPropertyNode;0;0;;;;
StorageAccessManager.getPropertyNode;0;0;;;;
StorageAccessManager.getPropertyNode;1;0;;;;
StorageAccessManager.getPropertyNode;0;0;;;;
StorageAccessManager.getPropertyNode;1;0;;;;
StorageAccessManager.getPropertyNode;1;0;;;;
StorageAccessManager.getPropertyNode;1;0;;;;
StorageAccessManager.getPropertyNode;1;0;;;;
StorageAccessManager.getPropertyNode;1;0;;;;
StorageAccessManager.getPropertyNode;0;0;;;;
StorageAccessManager.getPropertyNode;1;0;;;;
StorageAccessManager.getPropertyNode;1;0;;;;
StorageAccessManager.getPropertyNode;1;0;;;;
StorageAccessManager.getPropertyNode;0;0;;;;
StorageAccessManager.getPropertyNode;1;0;;;;
StorageAccessManager.getPropertyNode;0;0;;;;
StorageAccessManager.getPropertyNode;0;0;;;;
StorageAccessManager.getPropertyNode;1;0;;;;
StorageAccessManager.getPropertyNode;0;0;;;;
StorageAccessManager.getPropertyNode;1;0;;;;
StorageAccessManager.getPropertyNode;0;0;;;;
StorageAccessManager.getPropertyNode;1;0;;;;
StorageAccessManager.getPropertyNode;0;0;;;;
StorageAccessManager.getPropertyNode;1;0;;;;
StorageAccessManager.getPropertyNode;1;0;;;;
StorageAccessManager.getPropertyNode;0;0;;;;
StorageAccessManager.getPropertyNode;0;0;;;;
StorageAccessManager.getPropertyNode;1;0;;;;
StorageAccessManager.getPropertyNode;1;0;;;;
StorageAccessManager.getPropertyNode;0;0;;;;
StorageAccessManager.getPropertyNode;3;0;;;;
StorageAccessManager.getPropertyNode;2;0;;;;
StorageAccessManager.getPropertyNode;2;0;;;;
StorageAccessManager.getPropertyNode;2;0;;;;
StorageAccessManager.getPropertyNode;1;0;;;;
StorageAccessManager.getPropertyNode;1;0;;;;
StorageAccessManager.getPropertyNode;1;0;;;;
StorageAccessManager.getPropertyNode;0;0;;;;
StorageAccessManager.getPropertyNode;1;0;;;;
StorageAccessManager.getPropertyNode;1;0;;;;
StorageAccessManager.getPropertyNode;0;0;;;;
StorageAccessManager.getPropertyNode;1;0;;;;
StorageAccessManager.getPropertyNode;0;0;;;;
StorageAccessManager.getPropertyNode;1;0;;;;
StorageAccessManager.getPropertyNode;1;0;;;;
StorageAccessManager.getPropertyNode;1;0;;;;
StorageAccessManager.getPropertyNode;0;0;;;;
StorageAccessManager.getPropertyNode;0;0;;;;
StorageAccessManager.getPropertyNode;1;0;;;;
StorageAccessManager.getPropertyNode;1;0;;;;
StorageAccessManager.getPropertyNode;0;0;;;;
StorageAccessManager.getPropertyNode;1;0;;;;
StorageAccessManager.getPropertyNode;0;0;;;;
StorageAccessManager.getPropertyNode;1;0;;;;
StorageAccessManager.getPropertyNode;0;0;;;;
StorageAccessManager.getPropertyNode;1;0;;;;
StorageAccessManager.getPropertyNode;1;0;;;;
StorageAccessManager.getPropertyNode;0;0;;;;
StorageAccessManager.getPropertyNode;1;0;;;;
StorageAccessManager.getPropertyNode;1;0;;;;
StorageAccessManager.getPropertyNode;1;0;;;;
StorageAccessManager.getPropertyNode;1;0;;;;
StorageAccessManager.getPropertyNode;0;0;;;;
StorageAccessManager.getPropertyNode;1;0;;;;
StorageAccessManager.getPropertyNode;0;0;;;;
StorageAccessManager.getPropertyNode;0;0;;;;
StorageAccessManager.getPropertyNode;0;0;;;;
StorageAccessManager.getPropertyNode;1;0;;;;
StorageAccessManager.getPropertyNode;1;0;;;;
StorageAccessManager.getPropertyNode;1;0;;;;
StorageAccessManager.getPropertyNode;1;0;;;;
StorageAccessManager.getPropertyNode;1;0;;;;
StorageAccessManager.getPropertyNode;0;0;;;;
StorageAccessManager.getPropertyNode;0;0;;;;
StorageAccessManager.getPropertyNode;0;0;;;;
StorageAccessManager.getPropertyNode;1;0;;;;
StorageAccessManager.setObjectProperty;311;0;;;;
StorageAccessManager.setObjectProperty;302;0;;;;
StorageAccessManager.setObjectProperty;236;0;;;;
StorageAccessManager.setObjectProperty;246;0;;;;
StorageAccessManager.setObjectProperty;239;0;;;;
StorageAccessManager.setObjectProperty;212;0;;;;
StorageAccessManager.setObjectProperty;263;-4096;;;;
StorageAccessManager.setObjectProperty;252;0;;;;
StorageAccessManager.setObjectProperty;272;0;;;;
StorageAccessManager.setObjectProperty;256;0;;;;
StorageAccessManager.setObjectProperty;310;0;;;;
StorageAccessManager.setObjectProperty;246;0;;;;
StorageAccessManager.setObjectProperty;241;0;;;;
StorageAccessManager.setObjectProperty;216;0;;;;
StorageAccessManager.setObjectProperty;274;0;;;;
StorageAccessManager.setObjectProperty;199;0;;;;
StorageAccessManager.setObjectProperty;225;-4096;;;;
StorageAccessManager.setObjectProperty;268;0;;;;
StorageAccessManager.setObjectProperty;282;0;;;;
StorageAccessManager.setObjectProperty;245;0;;;;
StorageAccessManager.setObjectProperty;273;0;;;;
StorageAccessManager.setObjectProperty;253;0;;;;
StorageAccessManager.setObjectProperty;234;-8192;;;;
StorageAccessManager.setObjectProperty;243;0;;;;
StorageAccessManager.setObjectProperty;252;0;;;;
StorageAccessManager.setObjectProperty;251;0;;;;
StorageAccessManager.setObjectProperty;157;-8192;;;;
StorageAccessManager.setObjectProperty;245;0;;;;
StorageAccessManager.setObjectProperty;252;0;;;;
StorageAccessManager.setObjectProperty;245;0;;;;
StorageAccessManager.setObjectProperty;269;0;;;;
StorageAccessManager.setObjectProperty;254;0;;;;
StorageAccessManager.setObjectProperty;251;0;;;;
StorageAccessManager.setObjectProperty;227;0;;;;
StorageAccessManager.setObjectProperty;251;0;;;;
StorageAccessManager.setObjectProperty;231;0;;;;
StorageAccessManager.setObjectProperty;235;0;;;;
StorageAccessManager.setObjectProperty;200;0;;;;
StorageAccessManager.setObjectProperty;256;-4096;;;;
StorageAccessManager.setObjectProperty;279;0;;;;
StorageAccessManager.setObjectProperty;277;0;;;;
StorageAccessManager.setObjectProperty;250;0;;;;
StorageAccessManager.setObjectProperty;241;0;;;;
StorageAccessManager.setObjectProperty;252;0;;;;
StorageAccessManager.setObjectProperty;235;0;;;;
StorageAccessManager.setObjectProperty;230;0;;;;
StorageAccessManager.setObjectProperty;238;0;;;;
StorageAccessManager.setObjectProperty;248;0;;;;
StorageAccessManager.setObjectProperty;190;-4096;;;;
StorageAccessManager.setObjectProperty;249;0;;;;
StorageAccessManager.setObjectProperty;254;0;;;;
StorageAccessManager.setObjectProperty;265;0;;;;
StorageAccessManager.setObjectProperty;262;0;;;;
StorageAccessManager.setObjectProperty;248;0;;;;
StorageAccessManager.setObjectProperty;259;0;;;;
StorageAccessManager.setObjectProperty;229;0;;;;
StorageAccessManager.setObjectProperty;243;0;;;;
StorageAccessManager.setObjectProperty;258;-126976;;;;
StorageAccessManager.setObjectProperty;254;-4096;;;;
StorageAccessManager.setObjectProperty;166;0;;;;
StorageAccessManager.setObjectProperty;238;0;;;;
StorageAccessManager.setObjectProperty;257;0;;;;
StorageAccessManager.setObjectProperty;247;0;;;;
StorageAccessManager.setObjectProperty;257;0;;;;
StorageAccessManager.setObjectProperty;261;0;;;;
StorageAccessManager.setObjectProperty;251;-245760;;;;
StorageAccessManager.setObjectProperty;229;0;;;;
StorageAccessManager.setObjectProperty;238;245760;;;;
StorageAccessManager.setObjectProperty;247;-61440;;;;
StorageAccessManager.setObjectProperty;235;-4096;;;;
StorageAccessManager.setObjectProperty;202;0;;;;
StorageAccessManager.setObjectProperty;241;0;;;;
StorageAccessManager.setObjectProperty;242;0;;;;
StorageAccessManager.setObjectProperty;247;0;;;;
StorageAccessManager.setObjectProperty;246;0;;;;
StorageAccessManager.setObjectProperty;246;0;;;;
StorageAccessManager.setObjectProperty;246;0;;;;
StorageAccessManager.setObjectProperty;235;0;;;;
StorageAccessManager.setObjectProperty;231;0;;;;
StorageAccessManager.setObjectProperty;255;0;;;;
StorageAccessManager.setObjectProperty;257;0;;;;
StorageAccessManager.setObjectProperty;190;0;;;;
StorageAccessManager.setObjectProperty;230;0;;;;
StorageAccessManager.setObjectProperty;244;0;;;;
StorageAccessManager.setObjectProperty;267;-8192;;;;
StorageAccessManager.setObjectProperty;256;8192;;;;
StorageAccessManager.setObjectProperty;263;0;;;;
StorageAccessManager.setObjectProperty;271;0;;;;
StorageAccessManager.setObjectProperty;238;0;;;;
StorageAccessManager.setObjectProperty;225;0;;;;
StorageAccessManager.setObjectProperty;229;-4096;;;;
StorageAccessManager.setObjectProperty;247;0;;;;
StorageAccessManager.setObjectProperty;153;0;;;;
StorageAccessManager.setObjectProperty;245;0;;;;
StorageAccessManager.setObjectProperty;257;0;;;;
StorageAccessManager.setObjectProperty;251;0;;;;
StorageAccessManager.setObjectProperty;247;61440;;;;
StorageAccessManager.setObjectProperty;247;0;;;;
StorageAccessManager.setObjectProperty;252;0;;;;
StorageAccessManager.setObjectProperty;233;0;;;;
StorageAccessManager.setObjectProperty;239;0;;;;
StorageAccessManager.setObjectProperty;251;0;;;;
StorageAccessManager.setObjectProperty;269;0;;;;
StorageAccessManager.setObjectProperty;141;0;;;;
StorageAccessManager.setObjectProperty;259;0;;;;
StorageAccessManager.setObjectProperty;250;0;;;;
StorageAccessManager.setObjectProperty;245;0;;;;
StorageAccessManager.setObjectProperty;251;0;;;;
StorageAccessManager.setObjectProperty;274;0;;;;
StorageAccessManager.setObjectProperty;252;-126976;;;;
